instID,church_type,instName,language,instNote,placeName,region,county_orig,county_reg,city_orig,city_reg,state_orig,state_reg,latitude,longitude,attendingInstID,attendingChurch,attendingChurchFrequency,persID,persTitle,persName,persSuffix,persRole,persNote,memberType,member,affiliated,order,year,Unnamed: 30,Unnamed: 31,Unnamed: 32,Unnamed: 33,attendingPersID,attendingChurchNote,diocese,diocese_reg
﻿bal.md.0001,﻿cathedral,﻿Cathedral,English,,,,,﻿Baltimore County,﻿Baltimore,﻿Baltimore,﻿MD,﻿MD,39.294377,-76.616245,,,,﻿sam_eccleston_901,﻿Most Rev.,﻿Samuel Eccleston,﻿D. D.,,,,,,,1839,﻿https://americasfirstcathedral.org/history-architecture ; Baltimore Basilica - a Short History - YouTube ; https://en.wikipedia.org/wiki/Basilica_of_the_National_Shrine_of_the_Assumption_of_the_Blessed_Virgin_Mary,,,,﻿,﻿,﻿Baltimore,Baltimore
﻿bal.md.0001,﻿cathedral,﻿Cathedral,English,,,,,﻿Baltimore County,﻿Baltimore,﻿Baltimore,﻿MD,,39.294377,-76.616245,,,,﻿edw_damphoux_901,﻿Rev.,﻿Edward Damphoux,﻿D.D.,﻿Rector,,,,,,1839,,,,,﻿,﻿,﻿Baltimore,Baltimore
﻿bal.md.0001,﻿cathedral,﻿Cathedral,English,,,,,﻿Baltimore County,﻿Baltimore,﻿Baltimore,﻿MD,,39.294377,-76.616245,,,,﻿pet_s_schreiber_901,﻿Rev.,﻿Peter Schreiber,,﻿Assistant,,,,,,1839,,,,,﻿,﻿,﻿Baltimore,Baltimore
﻿bal.md.0001,﻿cathedral,﻿Cathedral,English,,,,,﻿Baltimore County,﻿Baltimore,﻿Baltimore,﻿MD,,39.294377,-76.616245,,,,﻿cha_i_white_001,﻿Rev.,﻿C. I. White,,﻿Assistant,,,,,,1839,,,,,﻿,﻿,﻿Baltimore,Baltimore
﻿bal.md.0004,﻿church,﻿St. Peter's,English,,,,,﻿Baltimore County,﻿Baltimore,﻿Baltimore,﻿MD,﻿MD,39.292778,-76.615278,,,,﻿sam_eccleston_901,﻿Most Rev.,﻿Samuel Eccleston,﻿D. D.,,,,,,,1839,﻿https://en.wikipedia.org/wiki/St._Peter%27s_Pro-Cathedral,,,,﻿,﻿,﻿Baltimore,Baltimore
﻿bal.md.0004,﻿church,﻿St. Peter's,English,,,,,﻿Baltimore County,﻿Baltimore,﻿Baltimore,﻿MD,,39.292778,-76.615278,,,,﻿edw_damphoux_901,﻿Rev.,﻿Edward Damphoux,﻿D.D.,﻿Rector,,,,,,1839,,,,,﻿,﻿,﻿Baltimore,Baltimore
﻿bal.md.0004,﻿church,﻿St. Peter's,English,,,,,﻿Baltimore County,﻿Baltimore,﻿Baltimore,﻿MD,,39.292778,-76.615278,,,,﻿pet_s_schreiber_901,﻿Rev.,﻿Peter Schreiber,,﻿Assistant,,,,,,1839,,,,,﻿,﻿,﻿Baltimore,Baltimore
﻿bal.md.0004,﻿church,﻿St. Peter's,English,,,,,﻿Baltimore County,﻿Baltimore,﻿Baltimore,﻿MD,,39.292778,-76.615278,,,,﻿cha_i_white_001,﻿Rev.,﻿C. I. White,,﻿Assistant,,,,,,1839,,,,,﻿,﻿,﻿Baltimore,Baltimore
﻿bal.md.0002,﻿church,﻿St. Patrick's,English,,﻿F. Point,,,﻿Baltimore County,﻿Baltimore,﻿Baltimore,﻿MD,﻿MD,39.290887,-76.590257,,,,﻿nic_kerny_901,﻿Rev.,﻿N. Kerny,,,,,,,,1839,﻿https://en.wikipedia.org/wiki/St._Michael%27s_Church_Complex ; https://ministryofbrewing.com/ ; https://www.mdhistory.org/resources/saint-patricks-church/#gallery,,,,﻿,﻿,﻿Baltimore,Baltimore
﻿bal.md.0005,﻿church,﻿St. John's,﻿German,,,,,﻿Baltimore County,﻿Baltimore,﻿Baltimore,﻿MD,﻿MD,39.292841,-76.617988,,,,﻿ben_bayer_902,﻿Rev.,﻿Benedict Bayer,,,,,,,,1839,﻿https://stmarys.edu/wp-content/uploads/2014/04/closed_cemeteries.pdf,,,,﻿,﻿,﻿Baltimore,Baltimore
﻿bal.md.0012,﻿church,﻿St. James',English,,,,,﻿Baltimore County,﻿Baltimore,﻿Baltimore,﻿MD,﻿MD,39.301579,-76.602041,,,,﻿joh_b_gildea_901,﻿Rev.,﻿J. Gildea,,,,,,,,1839,,,,,﻿,﻿,﻿Baltimore,Baltimore
﻿bal.md.0016,﻿chapel,﻿St. Mary's Chapel,English,,,,,﻿Baltimore County,﻿Baltimore,﻿Baltimore,﻿MD,﻿MD,39.295821,-76.622867,,,,﻿lew_r_deluol_901,﻿Very Rev.,﻿Lewis Deluol,﻿D. D.,,,,,,,1839,,,,,﻿,﻿,﻿Baltimore,Baltimore
﻿bal.md.0139_02,﻿chapel,﻿Carmelite Chapel,English,,,,,﻿Baltimore County,﻿Baltimore,﻿Baltimore,﻿MD,﻿MD,39.305333,-76.602235,,,,﻿joh_b_gildea_901,﻿Rev.,﻿J. Gildea,,,,,,,,1839,,,,,﻿,﻿,﻿Baltimore,Baltimore
﻿bal.md.0021,﻿chapel,﻿St. Frances' Chapel,English,,,,,﻿Baltimore County,﻿Baltimore,﻿Baltimore,﻿MD,﻿MD,,,,,,﻿jam_m_h_n_joubert_901,﻿Rev.,﻿Hector Joubert,,,,,,,,1839,,,,,﻿,﻿,﻿Baltimore,Baltimore
﻿bal.md.0036,﻿church,[Unnamed Institution],English,,,,﻿Anne Arundel County,﻿Anne Arundel County,﻿Annapolis,﻿Annapolis,﻿MD,﻿MD,38.973056,-76.501111,,,﻿once a month,﻿rob_d_woodley_901,﻿Rev.,﻿Robert D. Woodley,﻿S. J.,,﻿Dw. at White Marsh,,,,,1839,,,,,﻿,﻿,﻿Baltimore,Baltimore
﻿bal.md.9010,﻿church,﻿St. Ignatius,English,,,,﻿Alleghany County,﻿Anne Arundel County,﻿Arnold Settlement,﻿Mount Savage,﻿MD,﻿MD,39.697778,-78.873889,,,﻿1st and 2d Sunday,﻿sil_b_piot_901,﻿Rev.,﻿S. Piot,,,﻿Dw. at Cumberland,,,,,1839,"﻿Fairly certain, since MSM was founded in 1808, that this entry refers to the chapel that was set up at the same time as the seminary: https://seminary.msmary.edu/about/history.html",,,,﻿,﻿,﻿Baltimore,Baltimore
﻿bal.md.0028,﻿church,[Unnamed Institution],English,,,,﻿Alleghany County,﻿Garrett County,﻿Blooming Rose Settlement,﻿Friendsville,﻿MD,﻿MD,39.656667,-79.439167,,,﻿4th Sun.,﻿sil_b_piot_901,﻿Rev.,﻿S. Piot,,,﻿Dw. at Cumberland,,,,,1839,,,,,﻿,﻿,﻿Baltimore,Baltimore
﻿bal.md.0091,﻿church,[Unnamed Institution],English,,,,﻿Montgomery County,﻿Montgomery County,﻿Barnsville,﻿Barnesville,﻿MD,﻿MD,39.220668,-77.380777,,,,,,,,,﻿Vacant,,,,,1839,,,,,﻿,﻿,﻿Baltimore,Baltimore
﻿wil.de.0012,﻿church,[Unnamed Institution],English,,,﻿E. Shore,﻿Cecil County,﻿Cecil County,﻿Bohemia,﻿Warwick,﻿MD,﻿MD,39.437442,-75.804739,,,,﻿geo_king_901,﻿Rev.,﻿George King,﻿S. J.,,,,,,,1839,﻿https://www.stfrancisxaviershrine.com/history,,,,﻿,﻿,﻿Baltimore,Baltimore
﻿bal.md.0104,﻿chapel,﻿Boone's Chapel,English,,,,﻿Prince George County,﻿Prince George County,,﻿Upper Marlboro,﻿MD,﻿MD,38.740027,-76.807585,,,,﻿ign_coombes_901,﻿Rev.,﻿Ignatius Combs,﻿S. J.,,﻿Dw. at White Marsh,,,,,1839,﻿https://www.mostholyrosarychurch.org/history ; would later go on to be Most Holy Rosary,,,,﻿,﻿,﻿Baltimore,Baltimore
﻿bal.md.9011,﻿church,[Unnamed Institution],English,,﻿Brien's Furnace,,﻿Frederick County,﻿Washington County,,﻿Antietam,﻿MD,﻿MD,39.416083,-77.740743,﻿bal.md.0157,﻿attended from Mt. St. Mary's College,,,,,,,,,,,,1839,"﻿https://www.wikitree.com/wiki/Brien-74, https://www.canaltrust.org/pyv/antietam-ironworks/",,,,﻿,﻿,﻿Baltimore,Baltimore
﻿bal.md.0063,﻿church,﻿St. Mary's,English,,,,﻿Charles County,﻿Charles County,﻿Bryantown,﻿Bryantown,﻿MD,﻿MD,38.539603,-76.836887,,,﻿1st and 3d Sunday,﻿fra_roloff_901,﻿Rev.,﻿Francis Roloff,,,,,,,,1839,﻿https://stmarysbryantown.com/parish-history,,,,﻿,﻿,﻿Baltimore,Baltimore
﻿bal.md.0064,﻿church,[Unnamed Institution],English,,,,﻿Charles County,﻿Charles County,﻿Cob Neck,﻿Cobb Neck,﻿MD,﻿MD,38.340682,-76.918027,,,﻿1st and 3d Sunday,﻿tho_lilly_901,﻿Rev.,﻿Thomas Lilly,,,,,,,,1839,,,,,﻿,﻿,﻿Baltimore,Baltimore
﻿bal.md.0065,﻿church,[Unnamed Institution],English,,,,﻿Charles County,﻿Charles County,﻿Cornwallis Neck,﻿Indian Head,﻿MD,﻿MD,38.595904,-77.167727,,,,﻿alo_mudd_901,﻿Rev.,﻿Aloysius Mudd,,,,,,,,1839,,,,,﻿,﻿,﻿Baltimore,Baltimore
﻿wil.de.0013,﻿church,[Unnamed Institution],English,,﻿Susquehanna Bridge,,,﻿Cecil County,﻿Conowingo,﻿Conowingo,﻿MD,﻿MD,39.715999,-76.201972,,,﻿5th Sunday,﻿hen_coskerey_901,﻿Rev.,﻿H. Coskerey,,,"﻿dwelling at Deer Creek, Harford Co.",,,,,1839,,,,,﻿,﻿,﻿Baltimore,Baltimore
﻿bal.md.0026,﻿church,﻿St. Mary's,English,﻿not ded.,,,﻿Alleghany County,﻿Allegany County,﻿Cumberland,﻿Cumberland,﻿MD,﻿MD,39.652442,-78.767163,,,"﻿1st, 2d, and 3d Sundays",﻿hen_myers_901,﻿Rev.,﻿Henry Myers,,,,,,,,1839,﻿likely predecessor for this church: https://www.olmcumberland.org/the-shrine-of-ss-peter-and-paul/,,,,﻿,﻿,﻿Baltimore,Baltimore
﻿bal.md.0026,﻿church,﻿St. Mary's,English,﻿not ded.,,,﻿Alleghany County,﻿Allegany County,﻿Cumberland,﻿Cumberland,﻿MD,,39.652442,-78.767163,,,,﻿sil_b_piot_901,﻿Rev.,﻿S. Piot,,,,,,,,1839,,,,,﻿,﻿,﻿Baltimore,Baltimore
﻿bal.md.9024,﻿station,[Unnamed Institution],English,,﻿Polecat Valley,,,,,,﻿MD,,39.416111,-77.406944,,,﻿occasionally,﻿hen_myers_901,﻿Rev.,﻿Henry Myers,,,,,,,,1839,,,,,﻿,﻿,﻿Baltimore,Baltimore
﻿bal.md.9024,﻿station,[Unnamed Institution],English,,﻿Polecat Valley,,,,,,﻿MD,,39.416111,-77.406944,,,,﻿sil_b_piot_901,﻿Rev.,﻿S. Piot,,,,,,,,1839,,,,,﻿,﻿,﻿Baltimore,Baltimore
﻿bal.md.9025,﻿station,[Unnamed Institution],English,,﻿Sandground,,,,,,﻿MD,,,,,,﻿occasionally,﻿hen_myers_901,﻿Rev.,﻿Henry Myers,,,,,,,,1839,,,,,﻿,﻿,﻿Baltimore,Baltimore
﻿bal.md.9025,﻿station,[Unnamed Institution],English,,﻿Sandground,,,,,,﻿MD,,,,,,,﻿sil_b_piot_901,﻿Rev.,﻿S. Piot,,,,,,,,1839,,,,,﻿,﻿,﻿Baltimore,Baltimore
﻿bal.md.9026,﻿station,[Unnamed Institution],English,,﻿Flintstone,,,,,,﻿MD,,,,,,﻿occasionally,﻿hen_myers_901,﻿Rev.,﻿Henry Myers,,,,,,,,1839,,,,,﻿,﻿,﻿Baltimore,Baltimore
﻿bal.md.9026,﻿station,[Unnamed Institution],English,,﻿Flintstone,,,,,,﻿MD,,,,,,,﻿sil_b_piot_901,﻿Rev.,﻿S. Piot,,,,,,,,1839,,,,,﻿,﻿,﻿Baltimore,Baltimore
﻿bal.md.9027,﻿station,[Unnamed Institution],English,,﻿Will's Creek Valley,,,,,,﻿MD,,,,,,﻿occasionally,﻿hen_myers_901,﻿Rev.,﻿Henry Myers,,,,,,,,1839,,,,,﻿,﻿,﻿Baltimore,Baltimore
﻿bal.md.9027,﻿station,[Unnamed Institution],English,,﻿Will's Creek Valley,,,,,,﻿MD,,,,,,,﻿sil_b_piot_901,﻿Rev.,﻿S. Piot,,,,,,,,1839,,,,,﻿,﻿,﻿Baltimore,Baltimore
﻿bal.md.0081,﻿church,[Unnamed Institution],English,,﻿Deer Creek,,﻿Harford County,,﻿Bel-Air,,﻿MD,,,,,,﻿1st and 3d Sundays,﻿hen_coskerey_901,﻿Rev.,﻿Henry Coskery,,,,,,,,1839,,,,,﻿,﻿,﻿Baltimore,Baltimore
﻿wil.de.0022,﻿church,[Unnamed Institution],English,,,﻿Eastern Shore of Maryland,﻿Caroline County,﻿Caroline County,﻿Denton,﻿Denton,﻿MD,﻿MD,38.885545,-75.834771,,﻿from St. Joseph's,﻿3d Sunday,,,,,,"﻿Dwelling at St. Joseph's, Talbot Co.",,,,,1839,﻿https://www.beparish.com/history,,,,﻿,﻿,﻿Baltimore,Baltimore
﻿bal.md.9000,﻿church,[Unnamed Institution],English,,,﻿Eastern Shore of Maryland,﻿Dorset County,﻿Dorchester County,,,﻿MD,,,,,,,﻿tho_d_monelly_901,﻿Rev.,﻿Thomas D. Monelly,,,﻿dw. at Queenstown,,,,,1839,,,,,﻿,﻿,﻿Baltimore,Baltimore
﻿bal.md.0085,﻿church,[Unnamed Institution],English,,﻿Dougharagen Manor,,﻿Balt. County,﻿Howard County,,﻿Ellicott City,﻿MD,﻿MD,39.27659,-76.893116,,,﻿2d Sunday,﻿hen_coskerey_901,﻿Rev.,﻿H. Coskery,,,,,,,,1839,"﻿https://en.wikipedia.org/wiki/Doughoregan_Manor, https://americanaristocracy.com/houses/doughoregan-manor",,,,﻿,﻿,﻿Baltimore,Baltimore
﻿bal.md.0083,﻿church,[Unnamed Institution],English,,﻿Ellicott's Mills,,﻿Ann Arundel County,,,,﻿MD,,,,,,,﻿hen_coskerey_901,﻿Rev.,﻿H. Coskery,,,,,,,,1839,,,,,﻿,﻿,﻿Baltimore,Baltimore
﻿bal.md.0073,﻿church,[Unnamed Institution],English,,,,﻿Frederick County,﻿Frederick County,﻿Emmittsburg,﻿Emmitsburg,﻿MD,﻿MD,39.705434,-77.326092,,,,﻿joh_f_hickey_001,﻿Rev.,﻿John Hickey,,,,,,,,1839,﻿https://www.stjosephcatholicchurchemmitsburg.com/,,,,﻿,﻿,﻿Baltimore,Baltimore
﻿bal.md.0070,﻿church,﻿St. John's,English,,,,,﻿Cecil County,﻿Frederick,﻿Frederick,﻿MD,﻿MD,39.416064,-77.407648,,,,﻿joh_mcelroy_901,﻿Rev.,﻿John McElroy,﻿S. J.,﻿Super.,,,,,,1839,,,,,﻿,﻿,﻿Baltimore,Baltimore
﻿bal.md.0070,﻿church,﻿St. John's,English,,,,,﻿Cecil County,﻿Frederick,﻿Frederick,﻿MD,,39.416064,-77.407648,,,,﻿ben_a_young_901,﻿Rev.,﻿B. A. Young,﻿S. J.,,,,,,,1839,,,,,﻿,﻿,﻿Baltimore,Baltimore
﻿bal.md.0070,﻿church,﻿St. John's,English,,,,,﻿Cecil County,﻿Frederick,﻿Frederick,﻿MD,,39.416064,-77.407648,,,,﻿edw_mccarthy_901,﻿Rev.,﻿Edward McCarthy,﻿S. J.,,,,,,,1839,,,,,﻿,﻿,﻿Baltimore,Baltimore
﻿bal.md.0070,﻿church,﻿St. John's,English,,,,,﻿Cecil County,﻿Frederick,﻿Frederick,﻿MD,,39.416064,-77.407648,,,,﻿pet_p_kroes_901,﻿Rev.,﻿Peter P. Kroes,﻿S. J.,,,,,,,1839,,,,,﻿,﻿,﻿Baltimore,Baltimore
﻿bal.md.0070,﻿church,﻿St. John's,English,,,,,﻿Cecil County,﻿Frederick,﻿Frederick,﻿MD,,39.416064,-77.407648,,,,﻿joh_t_mcgerry_901,﻿Rev.,﻿John T. McGerry,,,,,,,,1839,,,,,﻿,﻿,﻿Baltimore,Baltimore
﻿bal.md.0034,﻿church,[Unnamed Institution],English,,﻿Fifteen Mile Creek,,﻿Alleghany County,﻿Allegany County,,﻿Little Orleans,﻿MD,﻿MD,39.62504,-78.388615,,,,﻿mic_guth_901,﻿Rev.,﻿Michael Guth,,,,,,,,1839,,,,,﻿,﻿,﻿Baltimore,Baltimore
﻿bal.md.0108,﻿church,[Unnamed Institution],English,,,,﻿Washington County,﻿Washington County,﻿Hagerstown,﻿Hagerstown,﻿MD,﻿MD,39.644567,-77.724965,,,,﻿mic_guth_901,﻿Rev.,﻿Michael Guth,,,,,,,,1839,﻿https://saintmarysonline.org/,,,,﻿,﻿,﻿Baltimore,Baltimore
﻿bal.md.0109,﻿church,[Unnamed Institution],English,﻿Church not ded.,,,﻿Washington County,,﻿Hancock,,﻿MD,,,,,,,﻿mic_guth_901,﻿Rev.,﻿Michael Guth,,,,,,,,1839,,,,,﻿,﻿,﻿Baltimore,Baltimore
﻿bal.md.9012,﻿church,[Unnamed Institution],English,,﻿Harbaugh's Valley,,,﻿Frederick County,,,﻿MD,﻿MD,39.709097,-77.424026,,﻿from Mt. St. Mary's,﻿once a month,,,,,,,,,,,1839,"﻿https://www.google.com/url?q=https://harbaugh.uoregon.edu/History/WKH%2520memoir,%25201%2520of%25204.pdf&sa=D&source=editors&ust=1748979744807151&usg=AOvVaw2m5s9uEiZKVE21steDGDLt",,,,﻿,﻿,﻿Baltimore,Baltimore
﻿bal.md.0099,﻿chapel,﻿Lady's Chapel,English,,,,﻿St. Mary's County,﻿St. Mary's County,,﻿Leonardtown,﻿MD,﻿MD,38.261006,-76.620007,,,,﻿p_havremans_901,﻿Rev.,﻿P. Havremans,﻿S. J.,,,,,,,1839,﻿https://ourladyschurch.org/history ; https://adw.org/parishes/our-ladys-church/,,,,﻿,﻿,﻿Baltimore,Baltimore
﻿bal.md.0048,﻿church,[Unnamed Institution],English,,,,﻿Balt. County,,﻿Longreen,,﻿MD,,39.487507,-76.474912,,,﻿4th Sunday,﻿hen_coskerey_901,﻿Rev.,﻿H. Coskery,,,,,,,,1839,,,,,﻿,﻿,﻿Baltimore,Baltimore
﻿bal.md.0075,﻿church,﻿St. Peter's,English,,,,﻿Frederick County,﻿Frederick County,﻿Liberty,﻿Libertytown,﻿MD,﻿MD,39.486801,-77.240788,﻿bal.md.0070,﻿attended from Fred'k,,,,,,,,,,,,1839,﻿https://www.stpeter-libertytown.org/about,,,,﻿,﻿,﻿Baltimore,Baltimore
﻿bal.md.0072,﻿church,﻿St. Joseph's,English,,﻿Carrollton Manor,,﻿Frederick County,﻿Frederick County,,﻿Frederick,﻿MD,﻿MD,39.330807,-77.462733,﻿bal.md.0070,﻿attended from Fred'k,,,,,,,,,,,,1839,﻿https://stjoesbuckeystown.org/history-of-st-joseph-on-carrollton-manor/,,,,﻿,﻿,﻿Baltimore,Baltimore
﻿bal.md.0076,﻿church,﻿St. Mary's,English,,﻿Merryland Tract,,,﻿Frederick County,,﻿Petersville,﻿MD,﻿MD,39.348291,-77.616519,﻿bal.md.0070,﻿attended from Fred'k,,,,,,,,,,,,1839,,,,,﻿,﻿,﻿Baltimore,Baltimore
﻿bal.md.9028,﻿church,[Unnamed Institution],English,,﻿Middletown Valley,,,﻿Frederick County,,,﻿MD,﻿MD,,,﻿bal.md.0070,﻿attended from Fred'k,,,,,,,,,,,,1839,,,,,﻿,﻿,﻿Baltimore,Baltimore
﻿bal.md.9029,﻿church,[Unnamed Institution],English,,﻿Jamison's,,,,,,﻿MD,﻿MD,,,﻿bal.md.0070,﻿attended from Fred'k,,,,,,,,,,,,1839,,,,,﻿,﻿,﻿Baltimore,Baltimore
﻿bal.md.9001,﻿church,[Unnamed Institution],English,,,,﻿Prince George County,,﻿Mattawoman,,﻿MD,﻿MD,38.597193,-77.165556,,,﻿5th Sunday and Holy days,﻿fra_roloff_901,﻿Rev.,﻿F. Roloff,,,﻿Dw. at Bryantown,,,,,1839,,,,,﻿,﻿,﻿Baltimore,Baltimore
﻿bal.md.0104,﻿church,[Unnamed Institution],English,,,,﻿Prince George County,﻿Prince George County,﻿Marlborough,﻿Upper Marlboro,﻿MD,﻿MD,38.740027,-76.807585,﻿bal.md.0107,﻿attended from White Marsh,,,,,,,,,,,,1839,﻿https://stmaryumchurch.org/about-us/,,,,﻿,﻿,﻿Baltimore,Baltimore
﻿bal.md.0074,﻿church,﻿Mountain Church,English,,﻿near Emmitsburg,,,﻿Frederick County,,﻿Emmitsburg,﻿MD,﻿MD,39.68089,-77.354307,,,,﻿geo_flaut_901,﻿Rev.,﻿George Flaut,,,﻿Dw. at the College,,,,,1839,"﻿Fairly certain, since MSM was founded in 1808, that this entry refers to the chapel that was set up at the same time as the seminary: https://seminary.msmary.edu/about/history.html",,,,﻿,﻿,﻿Baltimore,Baltimore
﻿bal.md.0098,﻿church,[Unnamed Institution],English,,,,﻿St Mary's County,﻿St Mary's County,﻿Newtown,﻿Leonardtown,﻿MD,﻿MD,38.255747,-76.700218,,,,﻿p_havremans_901,﻿Rev.,﻿P. Havremans,﻿S. J.,,,,,,,1839,﻿https://www.stfrancisxavierchurch.org/history ; https://stillwespeak.org/places/newtown-md/,,,,﻿,﻿,﻿Baltimore,Baltimore
﻿bal.md.0098,﻿church,[Unnamed Institution],English,,,,﻿St Mary's County,﻿St Mary's County,﻿Newtown,﻿Leonardtown,﻿MD,,38.255747,-76.700218,,,,﻿wil_grace_901,﻿Rev.,﻿William Grace,﻿S. J.,,,,,,,1839,,,,,﻿,﻿,﻿Baltimore,Baltimore
﻿bal.md.0098,﻿church,[Unnamed Institution],English,,,,﻿St Mary's County,﻿St Mary's County,﻿Newtown,﻿Leonardtown,﻿MD,,38.255747,-76.700218,,,,﻿mat_sanders_901,﻿Rev.,﻿M. Sanders,﻿S. J.,,,,,,,1839,,,,,﻿,﻿,﻿Baltimore,Baltimore
﻿bal.md.9033,﻿church,[Unnamed Institution],English,,,,﻿Alleghany County,,﻿Oldtown,,,,,,,,﻿3d and 4th Sundays,﻿hen_myers_901,﻿Rev.,﻿H. Myers,,,,,,,,1839,,,,,﻿,﻿,﻿Baltimore,Baltimore
﻿bal.md.9032,﻿church,[Unnamed Institution],English,,﻿Pinewood Settlement,,,,,,﻿MD,,,,,,﻿5th Sunday,﻿sil_b_piot_901,﻿Rev.,﻿S. Piot,,,,,,,,1839,,,,,﻿,﻿,﻿Baltimore,Baltimore
﻿wil.de.0018,﻿church,[Unnamed Institution],English,,,﻿Eastern Shore of Maryland,,﻿Queene Anne's County,﻿Queenstown,﻿Queenstown,﻿MD,﻿MD,38.977706,-76.133437,,,,﻿tho_d_monelly_901,﻿Rev.,﻿Thomas D. Monelly,,,,,,,,1839,"﻿https://en.wikipedia.org/wiki/St._Peter%27s_Church_(Queenstown,_Maryland) ; https://sorrowsparish.org/about-our-churches",,,,﻿,﻿,﻿Baltimore,Baltimore
﻿bal.md.9003,﻿church,[Unnamed Institution],English,,,,﻿Montgomery County,,﻿Rock Creek,﻿Washington,﻿MD,﻿DC,38.966925,-77.044902,,,,,,,,,﻿Vacant,,,,,1839,﻿https://www.nps.gov/rocr/index.htm ; https://www.washingtonian.com/2025/03/12/meet-the-man-who-runs-rock-creek-park/ ; Dw. at Barnsville,,,,﻿,﻿,﻿Baltimore,Baltimore
﻿bal.md.0088,﻿church,[Unnamed Institution],English,,,,﻿Montgomery County,﻿Montgomery County,﻿Rockville,﻿Rockville,﻿MD,﻿MD,39.08186,-77.144531,,,,,,,,,﻿Vacant,,,,,1839,﻿https://stmarysrockville.org/our-ladys-chapel-tour,,,,﻿,﻿,﻿Baltimore,Baltimore
﻿wil.de.0016,﻿church,﻿St. Joseph's,English,,,﻿Eastern Shore of Maryland,﻿Talbot County,﻿Talbot County,,﻿Cordova,﻿MD,﻿MD,38.909876,-76.013369,,,﻿1st and 4th Sunday,﻿joh_b_carey_901,﻿Rev.,﻿J. B. Carey,﻿S. J.,,,,,,,1839,﻿https://ssppparisheaston.org/churches/saint-joseph-cordova/,,,,﻿,﻿,﻿Baltimore,Baltimore
﻿bal.md.0102,﻿church,﻿Sacred Heart Church,English,,,,﻿St. Mary's County,﻿St. Mary's County,,,﻿MD,﻿MD,38.302318,-76.792088,﻿bal.md.0098,﻿attended from Newtown,﻿occasionally,,,,,,﻿dwelling at Newtown,,,,,1839,﻿maybe this one?: https://sacredheartbushwood.org/parish-history,,,,﻿,﻿,﻿Baltimore,Baltimore
﻿bal.md.0097,﻿church,﻿St. Aloysius,English,,﻿near Leonardtown,,﻿St. Mary's County,﻿St. Mary's County,﻿Leonardtown,﻿Leonardtown,﻿MD,﻿MD,38.294514,-76.635398,﻿bal.md.0098,﻿attended from Newtown,﻿occasionally,,,,,,,,,,,1839,﻿https://www.saintaloysiuschurch.org/,,,,﻿,﻿,﻿Baltimore,Baltimore
﻿bal.md.0100,﻿church,﻿St. John's,English,,,,﻿St. Mary's County,﻿St. Mary's County,,﻿Hollywood,﻿MD,﻿MD,38.333229,-76.558275,﻿bal.md.0098,﻿attended from Newtown,﻿occasionally,,,,,,,,,,,1839,﻿https://www.stjohnsparishhollywood.org/our-parish,,,,﻿,﻿,﻿Baltimore,Baltimore
﻿bal.md.0101,﻿church,﻿St. Joseph's,English,,,,﻿St. Mary's County,﻿St. Mary's County,,﻿Morganza,﻿MD,﻿MD,38.375776,-76.697185,﻿bal.md.0098,﻿attended from Newtown,﻿occasionally,,,,,,,,,,,1839,﻿https://www.stjosephmorganza.org/,,,,﻿,﻿,﻿Baltimore,Baltimore
﻿bal.md.0093,﻿church,[Unnamed Institution],English,,,,﻿St. Mary's County,﻿St. Mary's County,﻿St. Inigoes,﻿St. Inigoes,﻿MD,﻿MD,38.149843,-76.423617,,,,﻿jos_carbery_901,﻿Rev.,﻿Joseph Carbery,﻿S. J.,,,,,,,1839,"﻿https://en.wikipedia.org/wiki/St._Ignatius_Roman_Catholic_Church_(St._Inigoes,_Maryland) ;  https://historicstignatius.com/",,,,﻿,﻿,﻿Baltimore,Baltimore
﻿bal.md.0093,﻿church,[Unnamed Institution],English,,,,﻿St. Mary's County,﻿St. Mary's County,﻿St. Inigoes,﻿St. Inigoes,﻿MD,,38.149843,-76.423617,,,,﻿jos_brogard_901,﻿Rev.,﻿Joseph Brogard,﻿S. J.,,,,,,,1839,,,,,﻿,﻿,﻿Baltimore,Baltimore
﻿bal.md.0094,﻿church,﻿St. Nicholas,English,,,,﻿St. Mary's County,﻿St. Mary's County,,﻿Lexington Park,﻿MD,﻿MD,38.262423,-76.44377,,,,﻿jos_carbery_901,﻿Rev.,﻿Joseph Carbery,,,,,,,,1839,﻿https://www.hmdb.org/m.asp?m=999,,,,﻿,﻿,﻿Baltimore,Baltimore
﻿bal.md.0094,﻿church,﻿St. Nicholas,English,,,,﻿St. Mary's County,﻿St. Mary's County,,﻿Lexington Park,﻿MD,,38.262423,-76.44377,,,,﻿jos_brogard_901,﻿Rev.,﻿Joseph Brogard,﻿S. J.,,,,,,,1839,,,,,﻿,﻿,﻿Baltimore,Baltimore
﻿bal.md.0069,"﻿church, consecrated life institution",[Unnamed Institution],English,,﻿St. Thomas' Manor,,﻿Charles County,﻿Charles County,,﻿Port Tobacco,﻿MD,﻿MD,38.465472,-77.023604,,,,﻿tho_lilly_901,﻿Rev.,﻿Thomas Lilly,﻿S. J.,,,,,,,1839,﻿https://en.wikipedia.org/wiki/St._Thomas_Manor ; https://www.chapelpoint.org/,,,,﻿,﻿,﻿Baltimore,Baltimore
﻿bal.md.0069,"﻿church, consecrated life institution",[Unnamed Institution],English,,﻿St. Thomas' Manor,,﻿Charles County,﻿Charles County,,﻿Port Tobacco,﻿MD,,38.465472,-77.023604,,,,﻿alo_mudd_901,﻿Rev.,﻿Aloysius Mudd,﻿S. J.,,,,,,,1839,,,,,﻿,﻿,﻿Baltimore,Baltimore
﻿bal.md.0067,﻿church,[Unnamed Institution],English,,,,﻿Charles County,﻿Charles County,﻿Newport,﻿Newport,﻿MD,﻿MD,38.433773,-76.909755,,,,﻿tho_lilly_901,﻿Rev.,﻿Thomas Lilly,,,,,,,,1839,﻿https://stmarychurchnewport.org/history-of-parish,,,,﻿,﻿,﻿Baltimore,Baltimore
﻿bal.md.0068,﻿church,[Unnamed Institution],English,,,,﻿Charles County,﻿Charles County,﻿Pomfret,﻿Pomfret,﻿MD,﻿MD,38.586637,-77.024145,,,,﻿alo_mudd_901,﻿Rev.,﻿Aloysius Mudd,,,,,,,,1839,"﻿https://en.wikipedia.org/wiki/Pomfret,_Maryland ; https://stjoepomfret.weconnect.com/",,,,﻿,﻿,﻿Baltimore,Baltimore
﻿bal.md.0056,﻿church,[Unnamed Institution],English,,,,﻿Frederick County,﻿Carroll County,﻿Taneytown,﻿Taneytown,﻿MD,﻿MD,39.65846,-77.179624,,,,﻿nic_zocchi_901,﻿Rev.,﻿Nicholas Zocchi,,,,,,,,1839,﻿https://www.stjosephtaneytown.org/,,,,﻿,﻿,﻿Baltimore,Baltimore
﻿bal.md.0057,﻿church,[Unnamed Institution],English,,,,﻿Carroll County,﻿Carroll County,﻿Westminster,﻿Westminster,﻿MD,﻿MD,39.58591,-76.992944,,,﻿3d Sunday,﻿nic_zocchi_901,﻿Rev.,﻿N. Zocchi,,,﻿Dw. at Taneytown,,,,,1839,,,,,﻿,﻿,﻿Baltimore,Baltimore
﻿bal.md.0107,﻿church,[Unnamed Institution],English,,,,﻿Prince George County,﻿Prince George County,﻿White Marsh,﻿Bowie,﻿MD,﻿MD,38.983273,-76.721403,,,,﻿ign_coombes_901,﻿Rev.,﻿Ignatius Combs,﻿S. J.,,,,,,,1839,﻿https://sacredheartbowie.org/history-of-white-marsh-property  |  https://www.equityinhistory.org/places-to-experience/white-marsh-plantation-and-sacred-heart-roman-catholic-church-and-cemetery/,,,,﻿,﻿,﻿Baltimore,Baltimore
﻿bal.md.0107,﻿church,[Unnamed Institution],English,,,,﻿Prince George County,﻿Prince George County,﻿White Marsh,﻿Bowie,﻿MD,,38.983273,-76.721403,,,,﻿rob_d_woodley_901,﻿Rev.,﻿Robert D. Woodley,﻿S. J.,,,,,,,1839,,,,,﻿,﻿,﻿Baltimore,Baltimore
﻿bal.md.9004,﻿church,[Unnamed Institution],English,,,﻿Upper Charles County,﻿Charles County,﻿Charles County,﻿Zachia,﻿La Plata,﻿MD,﻿MD,38.524594,-76.950405,,,﻿2d and 4th Sunday,﻿fra_roloff_901,﻿Rev.,﻿Francis Roloff,,,,,,,,1839,"﻿https://freepages.rootsweb.com/~tqpeiffer/genealogy/Documents/Ancestral%20Locations%20Gallery%20-%20USA/CHARLES%20CO.,%20MD/1789ZachiahManorSurvey.jpg ; https://guide.msa.maryland.gov/pages/viewer.aspx?page=catholicchurchrecords ; https://colonialencounters.org/files/sitereports/HisLordshipsFavor-1.pdf ; https://charlescountyhistorical.org/Spring1969.pdf ; https://www.indigenousmd.info/zekiah-fort-and-zekiah-manor/ ; despite likely existing past the 1833 almanac, I cannot find information that connects this entry to later almanacs",,,,﻿,﻿,﻿Baltimore,Baltimore
﻿bal.md.0114,﻿church,﻿St. Patrick's,English,,,,,,﻿Washington,﻿Washington,﻿DC,﻿DC,38.897909,-77.025806,,,,﻿wil_matthews_901,﻿Very Rev.,﻿William Matthews,,,,,,,,1839,﻿https://saintpatrickdc.org/our-history,,,,﻿,﻿,﻿Baltimore,Baltimore
﻿bal.md.0114,﻿church,﻿St. Patrick's,English,,,,,,﻿Washington,﻿Washington,﻿DC,,38.897909,-77.025806,,,,﻿joh_p_donelan_901,﻿Rev.,﻿John P. Donelan,,,,,,,,1839,,,,,﻿,﻿,﻿Baltimore,Baltimore
﻿bal.md.0116,﻿church,﻿St. Peter's,English,,,,,,﻿Washington,﻿Washington,﻿DC,﻿DC,38.885623,-77.003739,,,,﻿jos_van-horsigh_901,﻿Rev.,﻿Joseph Vanhorsigh,,,,,,,,1839,﻿https://saintpetersdc.org/home/history,,,,﻿,﻿,﻿Baltimore,Baltimore
﻿ric.va.0005,﻿church,[Unnamed Institution],English,,,,,,﻿Alexandria,﻿Alexandria,﻿DC,﻿VA,38.801887,-77.043812,,,,﻿ste_l_dubuisson_901,﻿Rev.,﻿Stephen Dubuisson,,,,,,,,1839,"﻿https://en.wikipedia.org/wiki/Basilica_of_St._Mary_(Alexandria,_Virginia) ; https://stmaryoldtown.org/history-founding",,,,﻿,﻿,﻿Baltimore,Baltimore
﻿bal.md.0124,﻿church,﻿Trinity Church,English,,,,,,﻿Georgetown,﻿Washington,﻿DC,﻿DC,38.90713,-77.07001,,,,﻿jam_lucas_901,﻿Rev.,﻿James Lucas,,,,,,,,1839,﻿https://trinity.org/jesuit-tradition/,,,,﻿,﻿,﻿Baltimore,Baltimore
﻿bal.md.0124,﻿church,﻿Trinity Church,English,,,,,,﻿Georgetown,﻿Washington,﻿DC,,38.90713,-77.07001,,,,﻿phi_a_sacchi_901,﻿Rev.,﻿Philip Sacchi,,,,,,,,1839,,,,,﻿,﻿,﻿Baltimore,Baltimore
﻿bal.md.0123,﻿church,﻿Chapel of the Visitation,English,,,,,,,,﻿DC,,,,,,,﻿wil_matthews_901,﻿Rev.,﻿Wm. Matthews,,,,,,,,1839,,,,,﻿,﻿,﻿Baltimore,Baltimore
﻿bal.md.0103,﻿church,[Unnamed Institution],English,﻿New church commenced,﻿Piscataway,,﻿Prince George's County,,,,﻿MD,,,,,,,,,,,,,,,,,1839,,,,,﻿,﻿,﻿Baltimore,Baltimore
﻿bal.md.9034,﻿church,[Unnamed Institution],English,﻿New church commenced,,,,,﻿Washington,,﻿DC,,,,,,,,,,,,,,,,,1839,,,,,﻿,﻿,﻿Baltimore,Baltimore
﻿bal.md.9035,﻿church,[Unnamed Institution],English,﻿New church commenced,﻿near Emmitsburg,,,,,,,,,,,,,,,,,,,,,,,1839,,,,,﻿,﻿,﻿Baltimore,Baltimore
﻿bal.md.0127_02,﻿seminary,﻿Theological Seminary,English,,,,,﻿Baltimore County,﻿Baltimore,﻿Baltimore,﻿MD,﻿MD,39.36054,-76.639792,,,,﻿lew_r_deluol_901,﻿Very Rev.,﻿Lewis R. Deluol,﻿D. D.,﻿Superiour,,,,﻿Sulpitian Society,,1839,,,,,﻿,﻿,﻿Baltimore,Baltimore
﻿bal.md.0127_02,﻿seminary,﻿Theological Seminary,English,,,,,﻿Baltimore County,﻿Baltimore,﻿Baltimore,﻿MD,,39.36054,-76.639792,,,,﻿joh_tessier_901,﻿Very Rev.,﻿John Tessier,﻿D. D.,,,,,﻿Sulpitian Society,,1839,,,,,﻿,﻿,﻿Baltimore,Baltimore
﻿bal.md.0127_02,﻿seminary,﻿Theological Seminary,English,,,,,﻿Baltimore County,﻿Baltimore,﻿Baltimore,﻿MD,,39.36054,-76.639792,,,,﻿jam_m_h_n_joubert_901,﻿Very Rev.,﻿Hector Joubert,,,,,,﻿Sulpitian Society,,1839,,,,,﻿,﻿,﻿Baltimore,Baltimore
﻿bal.md.0127_02,﻿seminary,﻿Theological Seminary,English,,,,,﻿Baltimore County,﻿Baltimore,﻿Baltimore,﻿MD,,39.36054,-76.639792,,,,﻿pet_fredet_901,﻿Very Rev.,﻿Peter Fredet,,﻿Professor of Theology and Ecclesiastical History,,,,﻿Sulpitian Society,,1839,,,,,﻿,﻿,﻿Baltimore,Baltimore
﻿bal.md.0127_02,﻿seminary,﻿Theological Seminary,English,,,,,﻿Baltimore County,﻿Baltimore,﻿Baltimore,﻿MD,,39.36054,-76.639792,,,,﻿fra_lhomme_901,﻿Very Rev.,﻿Francis L'Homme,,﻿Procurator,,,,﻿Sulpitian Society,,1839,,,,,﻿,﻿,﻿Baltimore,Baltimore
﻿bal.md.0127_02,﻿seminary,﻿Theological Seminary,English,,,,,﻿Baltimore County,﻿Baltimore,﻿Baltimore,﻿MD,,39.36054,-76.639792,,,,﻿gil_raymont_901,﻿Very Rev.,﻿Gilbert Raymont,,,,,,﻿Sulpitian Society,,1839,,,,,﻿,﻿,﻿Baltimore,Baltimore
﻿bal.md.0127_02,﻿seminary,﻿Theological Seminary,English,,,,,﻿Baltimore County,﻿Baltimore,﻿Baltimore,﻿MD,,39.36054,-76.639792,,,,﻿mic_gallagher_901,﻿Very Rev.,﻿Michael Gallagher,,,,,,﻿Sulpitian Society,,1839,,,,,﻿,﻿,﻿Baltimore,Baltimore
﻿bal.md.0157_02,﻿seminary,﻿Mount St. Mary's Theological Seminary,English,,,,,﻿Frederick County,﻿Emmitsburg,﻿Emmitsburg,﻿MD,﻿MD,39.682,-77.353,,,,﻿joh_mccaffrey_901,﻿Rev.,﻿John McCaffrey,,﻿Superiour,,,,﻿est. by the Sulpitians of Baltimore,,1839,﻿https://seminary.msmary.edu/about/history.html,,,,﻿,﻿,﻿Baltimore,Baltimore
﻿bal.md.0157_02,﻿seminary,﻿Mount St. Mary's Theological Seminary,English,,,,,﻿Frederick County,﻿Emmitsburg,﻿Emmitsburg,﻿MD,,39.682,-77.353,,,,﻿phi_borgna_902,﻿Rev.,﻿Philip Borgna,,﻿Director and Prof. of Theology,,,,﻿est. by the Sulpitians of Baltimore,,1839,,,,,﻿,﻿,﻿Baltimore,Baltimore
﻿bal.md.0133,﻿novitiate,﻿Novitiate of The Society of Jesus,English,,,,,﻿Frederick County,﻿Frederick,﻿Frederick,﻿MD,﻿MD,39.416513,-77.407624,,,,﻿tho_f_mulledy_901,﻿Very Rev.,﻿Thomas F. Mulledy,﻿D. D.,﻿Superior of Eastern Mission,,﻿religious,﻿13 novices,﻿Jesuits,,1839,,,,,﻿,﻿,﻿Baltimore,Baltimore
﻿bal.md.0133,﻿novitiate,﻿Novitiate of The Society of Jesus,English,,,,,﻿Frederick County,﻿Frederick,﻿Frederick,﻿MD,,39.416513,-77.407624,,,,﻿fra_dzierozinski_901,﻿Rev.,﻿Francis Dzierozinski,,﻿Master of Novices,,﻿religious,﻿13 novices,﻿Jesuits,,1839,,,,,﻿,﻿,﻿Baltimore,Baltimore
﻿bal.md.0129,﻿college,﻿St. Charles' College,English,,﻿Sixteen miles west of Baltimore,,,,,,﻿MD,,,,,,,,,,,,,,,,,1839,,,,,﻿,﻿,﻿Baltimore,Baltimore
﻿bal.md.0127_03,﻿college,﻿St. Mary's College,English,,,,,﻿Baltimore County,﻿Baltimore,﻿Baltimore,﻿MD,﻿MD,39.36054,-76.639792,,,,﻿joh_j_chanche_901,﻿Rev.,﻿John J. Chanche,﻿D. D.,﻿President,,﻿student,"﻿180 students, 95 boarders, 85 externs",,,1839,﻿https://stmarys.edu/about/history/,"﻿Hebrew, Greek, Latin, English, French, Spanish, Poetry, Rhetoric, Natural Philosophy, Moral Philosophy, Mathematics, Georgraphy, Writing, Book-keeping, Music, Drawing, Dancing",﻿1805 by the Legislature of Maryland,﻿Master of Arts,﻿,﻿,﻿Baltimore,Baltimore
﻿bal.md.0127_03,﻿college,﻿St. Mary's College,English,,,,,﻿Baltimore County,﻿Baltimore,﻿Baltimore,﻿MD,,39.36054,-76.639792,,,,﻿edw_a_knight_901,﻿Rev.,﻿Edward Knight,,﻿Vide Pres't,,﻿student,"﻿180 students, 95 boarders, 85 externs",,,1839,,,,,﻿,﻿,﻿Baltimore,Baltimore
﻿bal.md.0127_03,﻿college,﻿St. Mary's College,English,,,,,﻿Baltimore County,﻿Baltimore,﻿Baltimore,﻿MD,,39.36054,-76.639792,,,,﻿jam_m_h_n_joubert_901,﻿Rev.,﻿Hector Joubert,,﻿Professor of French,,﻿student,"﻿180 students, 95 boarders, 85 externs",,,1839,,,,,﻿,﻿,﻿Baltimore,Baltimore
﻿bal.md.0127_03,﻿college,﻿St. Mary's College,English,﻿bal.md.0127_02&0127_03,,,,﻿Baltimore County,﻿Baltimore,﻿Baltimore,﻿MD,,39.36054,-76.639792,,,,﻿joh_randanne_901,﻿Rev.,﻿John Randanne,,﻿Prof. of Latin Literature,,﻿student,"﻿180 students, 95 boarders, 85 externs",,,1839,,,,,﻿,﻿,﻿Baltimore,Baltimore
﻿bal.md.0127_03,﻿college,﻿St. Mary's College,English,﻿bal.md.0127_02&0127_03,,,,﻿Baltimore County,﻿Baltimore,﻿Baltimore,﻿MD,,39.36054,-76.639792,,,,﻿fra_lhomme_901,﻿Rev.,﻿Francis L'homme,,﻿Prof. of Greek,,﻿student,"﻿180 students, 95 boarders, 85 externs",,,1839,,,,,﻿,﻿,﻿Baltimore,Baltimore
﻿bal.md.0127_03,﻿college,﻿St. Mary's College,English,﻿bal.md.0127_02&0127_03,,,,﻿Baltimore County,﻿Baltimore,﻿Baltimore,﻿MD,,39.36054,-76.639792,,,,﻿aug_verot_901,﻿Rev.,﻿Augustus Vérot,,﻿Prof. of Math and Nat. Philos.,,﻿student,"﻿180 students, 95 boarders, 85 externs",,,1839,,,,,﻿,﻿,﻿Baltimore,Baltimore
﻿bal.md.0127_03,﻿college,﻿St. Mary's College,English,﻿bal.md.0127_02&0127_03,,,,﻿Baltimore County,﻿Baltimore,﻿Baltimore,﻿MD,,39.36054,-76.639792,,,,﻿pet_fredet_901,﻿Rev.,﻿Peter Fredet,,﻿Prof. of History,,﻿student,"﻿180 students, 95 boarders, 85 externs",,,1839,,,,,﻿,﻿,﻿Baltimore,Baltimore
﻿bal.md.0127_03,﻿college,﻿St. Mary's College,English,﻿bal.md.0127_02&0127_03,,,,﻿Baltimore County,﻿Baltimore,﻿Baltimore,﻿MD,,39.36054,-76.639792,,,,﻿ale_j_elder_001,﻿Rev.,﻿Alexius A. Elder,,﻿Procurator,,﻿student,"﻿180 students, 95 boarders, 85 externs",,,1839,,,,,﻿,﻿,﻿Baltimore,Baltimore
﻿bal.md.0127_03,﻿college,﻿St. Mary's College,English,﻿bal.md.0127_02&0127_03,,,,﻿Baltimore County,﻿Baltimore,﻿Baltimore,﻿MD,,39.36054,-76.639792,,,,﻿gil_raymont_901,﻿Rev.,﻿Gilbert Raymont,,,,﻿student,"﻿180 students, 95 boarders, 85 externs",,,1839,,,,,﻿,﻿,﻿Baltimore,Baltimore
﻿bal.md.0127_03,﻿college,﻿St. Mary's College,English,﻿bal.md.0127_02&0127_03,,,,﻿Baltimore County,﻿Baltimore,﻿Baltimore,﻿MD,,39.36054,-76.639792,,,,﻿ado_williamson_901,﻿Rev.,﻿Adolphus Williamson,,,,﻿student,"﻿180 students, 95 boarders, 85 externs",,,1839,,,,,﻿,﻿,﻿Baltimore,Baltimore
﻿bal.md.0154,﻿college,﻿Georgetown College,English,,﻿northern bank of the Potomac,,,,,﻿Washington,﻿DC,﻿DC,38.90735,-77.073407,,,,﻿tho_f_mulledy_901,﻿Very Rev.,﻿Thomas F. Mulledy,﻿D. D.,﻿Provincial,,﻿student,﻿130 students,,,1839,,"﻿English Grammar, French Grammar, Latin Grammar, Caligraphy, Arithmatic, History, Poetry, Mathematics, Mythology, Rhetoric, Logic, Moral Philosophy, Musi, Drawing, Dancing, Italian, Spanish, German",﻿1815 by Congress,﻿Master of Arts,﻿,﻿,﻿Baltimore,Baltimore
﻿bal.md.0154,﻿college,﻿Georgetown College,English,,﻿northern bank of the Potomac,,,,,﻿Washington,﻿DC,,38.90735,-77.073407,,,,﻿wil_msherry_901,﻿Rev.,﻿William M'Sherry,﻿S. J.,﻿President,,﻿teacher,﻿21 scholastics,,,1839,,,,,﻿,﻿,﻿Baltimore,Baltimore
﻿bal.md.0154,﻿college,﻿Georgetown College,English,,﻿northern bank of the Potomac,,,,,﻿Washington,﻿DC,,38.90735,-77.073407,,,,﻿fid_grivel_901,﻿Rev.,﻿Fidelis Grivel,﻿S. J.,,,﻿religious,﻿26 lay brothers,,,1839,,,,,﻿,﻿,﻿Baltimore,Baltimore
﻿bal.md.0154,﻿college,﻿Georgetown College,English,,﻿northern bank of the Potomac,,,,,﻿Washington,﻿DC,,38.90735,-77.073407,,,,﻿jos_a_lopez_901,﻿Rev.,﻿Joseph A. Lopez,﻿S. J.,﻿Minister and Prof. of Spanish,,﻿religious,﻿26 lay brothers,,,1839,,,,,﻿,﻿,﻿Baltimore,Baltimore
﻿bal.md.0154,﻿college,﻿Georgetown College,English,,﻿northern bank of the Potomac,,,,,﻿Washington,﻿DC,,38.90735,-77.073407,,,,﻿geo_fenwick_901,﻿Rev.,﻿George Fenwick,﻿S. J.,﻿Prefect of Studies,,﻿religious,﻿26 lay brothers,,,1839,,,,,﻿,﻿,﻿Baltimore,Baltimore
﻿bal.md.0154,﻿college,﻿Georgetown College,English,,﻿northern bank of the Potomac,,,,,﻿Washington,﻿DC,,38.90735,-77.073407,,,,﻿ste_gabaria_901,﻿Rev.,﻿Stephen Gabaria,﻿S. J.,﻿Prof of Theol. & Ethics.,,﻿religious,﻿26 lay brothers,,,1839,,,,,﻿,﻿,﻿Baltimore,Baltimore
﻿bal.md.0154,﻿college,﻿Georgetown College,English,,﻿northern bank of the Potomac,,,,,﻿Washington,﻿DC,,38.90735,-77.073407,,,,﻿jam_ryder_901,﻿Rev.,﻿James Ryder,﻿S. J.,﻿Professor of Philosophy,,﻿religious,﻿26 lay brothers,,,1839,,,,,﻿,﻿,﻿Baltimore,Baltimore
﻿bal.md.0154,﻿college,﻿Georgetown College,English,,﻿northern bank of the Potomac,,,,,﻿Washington,﻿DC,,38.90735,-77.073407,,,,﻿jam_curley_901,﻿Rev.,﻿James Curley,﻿S. J.,﻿Professor of Mathematics,,﻿religious,﻿26 lay brothers,,,1839,,,,,﻿,﻿,﻿Baltimore,Baltimore
﻿bal.md.0154,﻿college,﻿Georgetown College,English,,﻿northern bank of the Potomac,,,,,﻿Washington,﻿DC,,38.90735,-77.073407,,,,﻿vir_h_barber_901,﻿Rev.,﻿Virgil H. Barber,﻿S. J.,﻿Libr. & Prof. of Math,,﻿religious,﻿26 lay brothers,,,1839,,,,,﻿,﻿,﻿Baltimore,Baltimore
﻿bal.md.0154,﻿college,﻿Georgetown College,English,,﻿northern bank of the Potomac,,,,,﻿Washington,﻿DC,,38.90735,-77.073407,,,,﻿lew_debarth_901,﻿Rev.,﻿Lewis Debarth,,,,﻿religious,﻿26 lay brothers,,,1839,,,,,﻿,﻿,﻿Baltimore,Baltimore
﻿bal.md.0157,﻿college,﻿Mount St. Mary's College,English,,,,﻿Frederick County,﻿Frederick County,﻿Emmittsburg,﻿Emmittsburg,﻿MD,﻿MD,39.682,-77.353,,,,﻿joh_mccaffrey_901,﻿Rev.,﻿John M'Caffrey,,﻿President,,﻿student,﻿103 pupils,,,1839,﻿https://msmary.edu/about/our-history.html,"﻿Hebrew, Greek, Latin, English, French, Spanish, German, Georgraphy, Mathematics, History, Poetry, Rhetoric, Moral and Natural Philosophy, Chemistry, Grammar,",﻿1830 by General Assembly of Maryland,,﻿,﻿,﻿Baltimore,Baltimore
﻿bal.md.0157,﻿college,﻿Mount St. Mary's College,English,,,,﻿Frederick County,﻿Frederick County,﻿Emmittsburg,﻿Emmittsburg,﻿MD,,39.682,-77.353,,,,﻿pat_corry_901,﻿Rev.,﻿Patrick Corry,,﻿Vice President,,﻿religious,"﻿5 sisters of charity employed in superintending the household department, the infirmary, and whatever relates to the health and comfort of the students",,,1839,,,,,﻿,﻿,﻿Baltimore,Baltimore
﻿bal.md.0157,﻿college,﻿Mount St. Mary's College,English,,,,﻿Frederick County,﻿Frederick County,﻿Emmittsburg,﻿Emmittsburg,﻿MD,,39.682,-77.353,,,,﻿hon_xaupi_901,﻿Rev.,﻿Honoratus Xaupi,,,,﻿religious,"﻿5 sisters of charity employed in superintending the household department, the infirmary, and whatever relates to the health and comfort of the students",,,1839,,,,,﻿,﻿,﻿Baltimore,Baltimore
﻿bal.md.0157,﻿college,﻿Mount St. Mary's College,English,,,,﻿Frederick County,﻿Frederick County,﻿Emmittsburg,﻿Emmittsburg,﻿MD,,39.682,-77.353,,,,﻿l_obermeyer_901,﻿Rev.,﻿L. Obermeyer,,,,﻿religious,"﻿5 sisters of charity employed in superintending the household department, the infirmary, and whatever relates to the health and comfort of the students",,,1839,,,,,﻿,﻿,﻿Baltimore,Baltimore
﻿bal.md.9036,﻿school,﻿St. John's Literary Institution,English,,,,,﻿Frederick County,﻿Frederick City,﻿Buckeystown,﻿MD,﻿MD,,,,,,﻿joh_mcelroy_901,﻿Rev.,﻿John McElroy,﻿S. J.,﻿Superiour,,﻿student,﻿110 students,,,1839,﻿https://en.wikipedia.org/wiki/Saint_John%27s_Catholic_Prep_(Maryland),,,,﻿,﻿,﻿Baltimore,Baltimore
﻿bal.md.9036,﻿school,﻿St. John's Literary Institution,English,,,,,﻿Frederick County,﻿Frederick City,﻿Buckeystown,﻿MD,,,,,,,﻿ben_a_young_901,﻿Rev.,﻿Benjamin A. Young,﻿S. J.,,,﻿student,﻿110 students,,,1839,,,,,﻿,﻿,﻿Baltimore,Baltimore
﻿bal.md.9036,﻿school,﻿St. John's Literary Institution,English,,,,,﻿Frederick County,﻿Frederick City,﻿Buckeystown,﻿MD,,,,,,,﻿edw_mccarthy_901,﻿Rev.,﻿Edward McCarthy,﻿S. J.,,,﻿student,﻿110 students,,,1839,,,,,﻿,﻿,﻿Baltimore,Baltimore
﻿bal.md.9036,﻿school,﻿St. John's Literary Institution,English,,,,,﻿Frederick County,﻿Frederick City,﻿Buckeystown,﻿MD,,,,,,,﻿pet_p_kroes_901,﻿Rev.,﻿Peter P. Kroes,﻿S. J.,,,﻿student,﻿110 students,,,1839,,,,,﻿,﻿,﻿Baltimore,Baltimore
﻿bal.md.9036,﻿school,﻿St. John's Literary Institution,English,,,,,﻿Frederick County,﻿Frederick City,﻿Buckeystown,﻿MD,,,,,,,﻿joh_t_mcgerry_901,﻿Rev.,﻿John T. McGerry,,,,﻿student,﻿110 students,,,1839,,,,,﻿,﻿,﻿Baltimore,Baltimore
﻿bal.md.0140,﻿convent,﻿Convent of the Visitation of the B. Virgin,English,,,,,,﻿Georgetown,,﻿DC,,,,,,,,,,,,,﻿religious,﻿48 professed sisters,,,1839,,,,,﻿,﻿,﻿Baltimore,Baltimore
﻿bal.md.0140,﻿convent,﻿Convent of the Visitation of the B. Virgin,English,,,,,,﻿Georgetown,,﻿DC,,,,,,,,,,,,,﻿religious,﻿5 novices,,,1839,,,,,﻿,﻿,﻿Baltimore,Baltimore
﻿bal.md.0140,﻿convent,﻿Convent of the Visitation of the B. Virgin,English,,,,,,﻿Georgetown,,﻿DC,,,,,,,,,,,,,﻿religious,﻿4 postulants,,,1839,,,,,﻿,﻿,﻿Baltimore,Baltimore
﻿bal.md.0140,﻿convent,﻿Convent of the Visitation of the B. Virgin,English,,,,,,﻿Georgetown,,﻿DC,,,,,,,,,,,,,﻿religious,﻿3 out-sisters,,,1839,,,,,﻿,﻿,﻿Baltimore,Baltimore
﻿bal.md.0161,﻿academy,﻿Ladies Academy of the Visitation,English,,,,,,﻿Georgetown,﻿Washington,﻿DC,﻿DC,38.90929985,-77.06964101,,,,,,,,,,﻿student,﻿nearly 100 pupils,﻿Order of St. Francis,,1839,﻿https://www.visi.org/our-mission/history-of-georgetown-visitation,"﻿Orthography, Reading, Writing, Arithmetic, Grammar, Engish Composition, Sacred and Profane History, Ancient and Modern Chronology, Mythology, Philosophy and Chemistry, Rhetoric, Versification, Poetic Composition, Geography, Astronomy, Use of Maps and Globes, French, Spanish, Music (Piano Forte, Vocal Music), Painting (water colors, velvet), Plain and Ornamental Needle Work, Tapestry, Lace Work, Embroidery on Bobbinet, Bead Work, Domestic Economy",,,﻿,﻿,﻿Baltimore,Baltimore
﻿bal.md.0141,﻿convent,﻿Convent of the Visitation of the B. Virgin,English,,,,,,﻿Baltimore,,﻿MD,,,,,,,,,,,,,﻿religious,﻿14 sisters,,,1839,,,,,﻿,﻿,﻿Baltimore,Baltimore
﻿bal.md.0162,﻿academy,"﻿Ladies Academy of the Visitation, B. V. M.",English,,,,,,﻿Baltimore,,﻿MD,,,,,,,,,,,,,﻿student,﻿59 pupils,,,1839,,,,,﻿,﻿,﻿Baltimore,Baltimore
﻿bal.md.9015,﻿consecrated life institution,[Unnamed Institution],English,,"﻿St. Joseph's, near Emmitsburg",,,,,,﻿MD,,39.698986,-77.326754,,,,﻿ros_white_901,﻿Mrs.,﻿Rose White,,,,﻿religious,﻿42 professed sisters,﻿Sisters of Charity,,1839,,,,,﻿,﻿,﻿Baltimore,Baltimore
﻿bal.md.9015,﻿consecrated life institution,[Unnamed Institution],English,,"﻿St. Joseph's, near Emmitsburg",,,,,,﻿MD,,39.698986,-77.326754,,,,,,,,,,﻿religious,﻿40 novices,﻿Sisters of Charity,,1839,,,,,﻿,﻿,﻿Baltimore,Baltimore
﻿bal.md.9015,﻿consecrated life institution,[Unnamed Institution],English,,"﻿St. Joseph's, near Emmitsburg",,,,,,﻿MD,,39.698986,-77.326754,,,,,,,,,,﻿religious,﻿10 postulants,﻿Sisters of Charity,,1839,,,,,﻿,﻿,﻿Baltimore,Baltimore
﻿bal.md.0219,﻿academy,﻿St. Joseph's Academy for Young Ladies,English,,,,﻿Frederick County,﻿Frederick County,﻿Emmitsburg,﻿Emmitsburg,﻿MD,﻿MD,39.694039,-77.324692,,,,,,,,,,,,﻿Sisters of Charity (Society of Ladies),,1839,﻿https://docarchivesblog.org/2022/01/31/st-josephs-school-before-st-josephs-academy/ ; https://www.emmitsburg.net/archive_list/articles/places/schools/st_joes_college_2.htm,"﻿English, French, Spanish, Orthopgraphy, Grammar, Composition, Writing, Practical and Rational Arithmetic, Book-keeping, Georgraphy, History, Moral and Natural Philosophy, Astronomy, Chemistry, Music, Drawing, Painting on Velvet, Embroidery, Plain and Fancy Needle-work",﻿incorporated by the General Assembly of Maryland in the year 1816,,﻿,﻿,﻿Baltimore,Baltimore
﻿bal.md.0139,﻿convent,﻿Carmelite Convent,English,,,,,﻿Baltimore County,﻿Baltimore,﻿Baltimore,﻿MD,﻿MD,39.305333,-76.602235,,,,,,,,,,,,﻿Order of the Carmelites,,1839,,,,,﻿,﻿,﻿Baltimore,Baltimore
﻿bal.md.9037,﻿academy,﻿Carmelite Sisters' Academy,English,,﻿Asquith Street,,,,﻿Baltimore,,﻿MD,,,,,,,,,,,,,,,,,1839,,,,,﻿,﻿,﻿Baltimore,Baltimore
﻿bal.md.9038,﻿boarding school,﻿St. John's Female Boarding School,English,,,,,﻿Frederick County,﻿Frederick,﻿Frederick,﻿MD,﻿MD,,,,,,,,,,,,﻿student,﻿39 pupils,﻿Sisters of Charity,,1839,,,,,﻿,﻿,﻿Baltimore,Baltimore
﻿bal.md.9039,﻿academy,﻿Miss E. Marcilly's Academy,English,﻿For the Instruction of Young Ladies,﻿S. E. Corner of Charles and Centre Sts. Baltimore,,,﻿Baltimore County,﻿Baltimore,﻿Baltimore,﻿MD,﻿MD,,,,,,,,,,,,,,,,1839,,,,,﻿,﻿,﻿Baltimore,Baltimore
﻿bal.md.9040,﻿seminary,﻿The Misses Cottringer's Seminary For Young Ladies,English,,"﻿No. 72, Franklin Street",,,﻿Baltimore County,﻿Baltimore,﻿Baltimore,﻿MD,﻿MD,,,,,,,,,,,,,,,,1839,,,,,﻿,﻿,﻿Baltimore,Baltimore
﻿bal.md.9041,﻿seminary,﻿The Misses McNally's Seminary,English,﻿For Young Ladies,﻿N. West Corner of Charles and Centre Sts.,,,﻿Baltimore County,﻿Baltimore,﻿Baltimore,﻿MD,﻿MD,,,,,,,,,,,,,,,,1839,,,,,﻿,﻿,﻿Baltimore,Baltimore
﻿bal.md.9023,﻿school,﻿School for Coloured Girls,English,,﻿Richmond Street,,,﻿Baltimore County,﻿Baltimore,﻿Baltimore,﻿MD,﻿MD,39.3001,-76.618394,,,,,,,,,,﻿teacher,﻿56 scholars,﻿Sisters of Providence,,1839,﻿est. 1829,,,,﻿,﻿,﻿Baltimore,Baltimore
﻿bal.md.9023,﻿school,﻿School for Coloured Girls,English,,﻿Richmond Street,,,﻿Baltimore County,﻿Baltimore,﻿Baltimore,﻿MD,,39.3001,-76.618394,,,,,,,,,,﻿boarders,﻿16 boarders,﻿Sisters of Providence,,1839,,,,,﻿,﻿,﻿Baltimore,Baltimore
﻿bal.md.9023,﻿school,﻿School for Coloured Girls,English,,﻿Richmond Street,,,﻿Baltimore County,﻿Baltimore,﻿Baltimore,﻿MD,,39.3001,-76.618394,,,,,,,,,,﻿religious,﻿40 externs,﻿Sisters of Providence,,1839,,,,,﻿,﻿,﻿Baltimore,Baltimore
﻿bal.md.9016,﻿female orphan asylum,﻿St. Mary's Female Orphan Asylum,English,,,,,﻿Baltimore County,﻿Baltimore,﻿Baltimore,﻿MD,﻿MD,39.295205,-76.614651,,,,,,,,,,﻿child,﻿48 orphans,,,1839,,,,,﻿,﻿,﻿Baltimore,Baltimore
﻿bal.md.9016,﻿female orphan asylum,﻿St. Mary's Female Orphan Asylum,English,,,,,﻿Baltimore County,﻿Baltimore,﻿Baltimore,﻿MD,,39.295205,-76.614651,,,,,,,,,,﻿religious,﻿5 sisters of charity,,,1839,,,,,﻿,﻿,﻿Baltimore,Baltimore
﻿bal.md.9016_02,﻿free school,﻿St. Mary's Free School,English,,,,,﻿Baltimore County,﻿Baltimore,﻿Baltimore,﻿MD,﻿MD,39.295205,-76.614651,,,,,,,,,,﻿child,﻿220 poor children,,,1839,,,,,﻿,﻿,﻿Baltimore,Baltimore
﻿bal.md.9016_02,﻿free school,﻿St. Mary's Free School,English,,,,,﻿Baltimore County,﻿Baltimore,﻿Baltimore,﻿MD,,39.295205,-76.614651,,,,,,,,,,﻿religious,﻿5 sisters of charity,,,1839,,,,,﻿,﻿,﻿Baltimore,Baltimore
﻿bal.md.9017,﻿hospital,﻿Maryland Hospital,English,,,,,﻿Baltimore County,﻿Baltimore,,﻿MD,﻿MD,39.26,-76.72,,,,,,,,,,﻿religious,﻿14 sisters,﻿Sisters of Charity,,1839,,,,,﻿,﻿,﻿Baltimore,Baltimore
﻿bal.md.9017,﻿hospital,﻿Maryland Hospital,English,,,,,﻿Baltimore County,﻿Baltimore,,﻿MD,,39.26,-76.72,,,,,,,,,,﻿patient,﻿average number of patients is 70,﻿Sisters of Charity,,1839,,,,,﻿,﻿,﻿Baltimore,Baltimore
﻿bal.md.0238,﻿infirmary,﻿Baltimore Infirmary,English,﻿connected with the Medical College,,,,﻿Baltimore County,﻿Baltimore,,﻿MD,﻿MD,39.291,-76.6216,,,,,,,,,,﻿religious,﻿8 sisters,﻿Sisters of Charity,,1839,,,,,﻿,﻿,﻿Baltimore,Baltimore
﻿bal.md.0238,﻿infirmary,﻿Baltimore Infirmary,English,﻿connected with the Medical College,,,,﻿Baltimore County,﻿Baltimore,,﻿MD,,39.291,-76.6216,,,,,,,,,,﻿patient,﻿60 patients,﻿Sisters of Charity,,1839,,,,,﻿,﻿,﻿Baltimore,Baltimore
﻿bal.md.9018,﻿asylum,﻿St. John's Asylum,English,﻿connected with the Academy in Frederick City,,,,﻿Frederick County,﻿Frederick,,﻿MD,﻿MD,39.416064,-77.407648,,,,,,,,,,﻿child,﻿14 orphans,﻿Sisters of Charity,,1839,,,,,﻿,﻿,﻿Baltimore,Baltimore
﻿bal.md.9018_04,﻿free school,﻿St. John's Free School,English,﻿connected with the Academy in Frederick City,,,,﻿Frederick County,﻿Frederick,,﻿MD,﻿MD,39.416064,-77.407648,,,,,,,,,,﻿student,﻿106 pupils,﻿Sisters of Charity,,1839,,,,,﻿,﻿,﻿Baltimore,Baltimore
﻿bal.md.0140_02,﻿free school,[Unnamed Institution],English,,﻿at the Convent of the Visitation,,,,﻿Georgetown,,﻿DC,,,,,,,,,,,,,﻿student,﻿70 to 100 girls,,,1839,,,,,﻿,﻿,﻿Baltimore,Baltimore
﻿bal.md.0232,﻿asylum,﻿St. Vincent's Asylum,English,,,,,,﻿Washington,,﻿DC,,38.89789,-77.025757,,,,,,,,,,﻿religious,﻿5 sisters,﻿Sisters of Charity,,1839,,,,,﻿,﻿,﻿Baltimore,Baltimore
﻿bal.md.0232,﻿asylum,﻿St. Vincent's Asylum,English,,,,,,﻿Washington,,﻿DC,,38.89789,-77.025757,,,,,,,,,,﻿child,﻿50 orphans,﻿Sisters of Charity,,1839,,,,,﻿,﻿,﻿Baltimore,Baltimore
﻿bal.md.0232_02,﻿day school,﻿St. Vincent's Day School,English,,,,,,﻿Washington,,﻿DC,,38.89789,-77.025757,,,,,,,,,,﻿religious,﻿5 sisters,﻿Sisters of Charity,,1839,,,,,﻿,﻿,﻿Baltimore,Baltimore
﻿bal.md.0232_02,﻿day school,﻿St. Vincent's Day School,English,,,,,,﻿Washington,,﻿DC,,38.89789,-77.025757,,,,,,,,,,﻿student,﻿150 pupils,﻿Sisters of Charity,,1839,,,,,﻿,﻿,﻿Baltimore,Baltimore
﻿bal.md.9022,﻿free school,﻿St. Francis Xavier's Free School,English,,,,,,﻿Alexandria,,﻿DC,,38.820278,-77.050278,,,,,,,,,,﻿religious,﻿3 sisters,﻿Sisters of Charity,,1839,,,,,﻿,﻿,﻿Baltimore,Baltimore
﻿bal.md.0010_02,﻿free school,﻿Catholic Male Free Day and Sunday School,English,,﻿Saratoga Street,,,,﻿Baltimore,,﻿MD,,,,,,,,,,,,,﻿child,﻿100 poor children,,,1839,,,,,﻿,﻿,﻿Baltimore,Baltimore
﻿bal.md.0011_02,﻿free school,﻿Catholic Female Free School,English,,"﻿near St. Patrick's Church, Fell's Point",,,,﻿Baltimore,,﻿MD,,,,,,,,,,,,,﻿student,﻿about 100 pupils,,,1839,,,,,﻿,﻿,﻿Baltimore,Baltimore
﻿bal.md.9043,﻿school,﻿Sunday School for coloured girls,English,,,,,,﻿Baltimore,,﻿MD,,,,,,,,,,,,,,,,,1839,,,,,﻿,﻿,﻿Baltimore,Baltimore
