instID,church_type,instName,language,instNote,placeName,region,county_orig,county_reg,city_orig,city_reg,state_orig,state_reg,latitude,longitude,attendingInstID,attendingChurch,attendingChurchFrequency,persID,persTitle,persName,persSuffix,persRole,persNote,memberType,member,affiliated,order,year,Unnamed: 30,NOTES,courses,Unnamed: 33,Unnamed: 34,attendingPersID,attendingChurchNote,diocese,diocese_reg
﻿lou.ky.0020,﻿cathedral,﻿Cathedral of St. Joseph,English,"﻿The Rev. gentlemen of St. Jospeh's College, assist at the Cathedral",,,,﻿Nelson County,﻿Bardstown,﻿Bardstown,﻿KY,﻿KY,37.81071,-85.471369,,,,﻿ben_j_flaget_901,﻿Right Rev.,﻿Benedict J. Flaget,﻿D.D.,,,,,,,1838,,﻿https://stjosephbasilica.org/history,,,,﻿,﻿,﻿Bardstown,Bardstown
﻿lou.ky.0020,﻿cathedral,﻿Cathedral of St. Joseph,English,"﻿The Rev. gentlemen of St. Jospeh's College, assist at the Cathedral",,,,﻿Nelson County,﻿Bardstown,﻿Bardstown,﻿KY,,37.81071,-85.471369,,,,﻿guy_i_chabrat_901,﻿Right Rev.,﻿Guy. J. Chabrat,﻿D.D.,﻿Coadj.,,,,,,1838,,,,,,﻿,﻿,﻿Bardstown,Bardstown
﻿lou.ky.0020,﻿cathedral,﻿Cathedral of St. Joseph,English,"﻿The Rev. gentlemen of St. Jospeh's College, assist at the Cathedral",,,,﻿Nelson County,﻿Bardstown,﻿Bardstown,﻿KY,,37.81071,-85.471369,,,,﻿joh_b_david_901,﻿Right Rev.,﻿John B. David,﻿D.D.,﻿Bishop of Mauricastro,,,,,,1838,,,,,,﻿,﻿,﻿Bardstown,Bardstown
﻿lou.ky.0020,﻿cathedral,﻿Cathedral of St. Joseph,English,"﻿The Rev. gentlemen of St. Jospeh's College, assist at the Cathedral",,,,﻿Nelson County,﻿Bardstown,﻿Bardstown,﻿KY,,37.81071,-85.471369,,,,﻿mar_j_spalding_001,﻿Rev.,﻿Martin J. Spalding,,﻿Pastor,,,,,,1838,,,,,,﻿,﻿,﻿Bardstown,Bardstown
﻿lou.ky.0083,﻿cathedral,[Unnamed Institution],English,,,,﻿Bullitt County,﻿Bullitt County,,,﻿KY,,,,,﻿[visited once a month by] Rev. J. Haseltine,,﻿jos_haseltine_901,﻿Rev.,﻿J. Haseltine,,,﻿of Nazareth,,,,,1838,,,,,,﻿,﻿,﻿Bardstown,Bardstown
﻿lou.ky.0031,﻿cathedral,[Unnamed Institution],English,,﻿Clear Creek,,,,,,﻿KY,,38.573135,-82.830168,,﻿[visited once a month by] Rev. Mr. Ward,,﻿ward_901,﻿Rev. Mr.,﻿Ward,,,,,,,,1838,,,,,,﻿,﻿,﻿Bardstown,Bardstown
﻿cov.ky.0001,﻿church,﻿St. Mary's,English,,,,,,﻿Covington,,﻿KY,,39.078154,-84.50825,,,,﻿s_h_montgomery_901,﻿Rev.,﻿S. H. Montgomery,,,,,,,,1838,,,,,,﻿,﻿,﻿Bardstown,Bardstown
﻿lou.ky.9025,﻿convent,[Unnamed Institution],English,,﻿Nazareth,,﻿Nelson County,,,,﻿KY,,37.848056,-85.472778,,,,﻿jos_haseltine_901,﻿Rev.,﻿J. Haseltine,,,,,,,,1838,,,,,,﻿,﻿,﻿Bardstown,Bardstown
﻿lou.ky.9026,﻿convent,[Unnamed Institution],English,,﻿Loretto,,,,,,﻿KY,,,,,,,﻿dav_a_deparcq_901,﻿Rev.,﻿D. A. Deparcq,,,,,,,,1838,,,,,,﻿,﻿,﻿Bardstown,Bardstown
﻿lou.ky.0034,﻿church,[Unnamed Institution],English,,,,﻿Mercer County,﻿Boyle County,﻿Danville,﻿Danville,﻿KY,﻿KY,37.646077,-84.770698,,﻿[visited] once a month [by] Rev. E. McMahon,,﻿edw_mcmahon_901,﻿Rev.,﻿E. McMahon,,,﻿dwelling at Lexington,,,,,1838,,,,,,﻿,﻿,﻿Bardstown,Bardstown
﻿lou.ky.9004,﻿church,[Unnamed Institution],English,,,,﻿Hardin County,,﻿Elizabethtown,,﻿KY,,37.699955,-85.873355,,,,﻿fra_chambige_001,﻿Rev.,﻿F. Chambige,,,,,,,,1838,,,,,,﻿,﻿,﻿Bardstown,Bardstown
﻿lou.ky.9035,﻿church,[Unnamed Institution],English,,,,,,﻿Frankfort,,﻿KY,,,,,﻿[visited] once a month [by] Rev. J. A. Drew,,﻿j_a_drew_901,﻿Rev.,﻿J. A. Drew,,,,,,,,1838,,﻿https://www.frankfortgoodshepherd.org/,,,,﻿,﻿,﻿Bardstown,Bardstown
﻿lou.ky.0038,﻿church,﻿St. Michael's,English,,,,﻿Nelson County,﻿Nelson County,﻿Fairfield,﻿Fairfield,﻿KY,﻿KY,37.931782,-85.382918,,,,﻿jam_elliott_001,﻿Rev.,﻿J. Elliott,,,,,,,,1838,,,,,,﻿,﻿,﻿Bardstown,Bardstown
﻿lou.ky.9017,﻿church,[Unnamed Institution],English,,,,﻿Grayson County,,,,﻿KY,,,,,﻿[visited] once a month [by] Rev. A. Degauquier,,﻿aug_degauquier_001,﻿Rev.,﻿A. Degauquier,,,,,,,,1838,,,,,,﻿,﻿,﻿Bardstown,Bardstown
﻿lou.ky.9005,﻿church,﻿Holy Cross Church,English,,,,﻿Washington County,,,,﻿KY,,37.673056,-85.448056,,,,﻿r_byrne_901,﻿Rev.,﻿Robert Byrn,,,,,,,,1838,,﻿https://www.archlou.org/parishes/holy-cross-marion-county/,,,,﻿,﻿,﻿Bardstown,Bardstown
﻿lou.ky.0049,﻿church,﻿Holy Mary's Church,English,,,,﻿Marion County,,,﻿Calvary,﻿KY,,,,,﻿visited by Rev. R. A. Abell,,﻿rob_a_abell_001,﻿Rev.,﻿R. A. Abell,,,,,,,,1838,,﻿https://www.archlou.org/parishes/holy-name-of-mary-parish/,,,,﻿,﻿,﻿Bardstown,Bardstown
﻿lou.ky.0052,﻿church,[Unnamed Institution],English,,﻿Cassey Creek,,﻿Marion County,,,,﻿KY,,37.568122,-85.251338,,﻿visited by Rev. R. A. Abell,,﻿rob_a_abell_001,﻿Rev.,﻿R. A. Abell,,,,,,,,1838,,,,,,﻿,﻿,﻿Bardstown,Bardstown
﻿lou.ky.0052,﻿church,[Unnamed Institution],English,,﻿Cassey Creek,,﻿Marion County,,﻿Lebanon,,﻿KY,,37.5681216,-85.2513384,,,,﻿rob_a_abell_001,﻿Rev.,﻿R. A. Abell,,,,,,,,1838,,﻿https://www.staugustinechurch.net/,,,,﻿,﻿,﻿Bardstown,Bardstown
﻿cov.ky.0028,﻿church,﻿St. Peter's,English,,,,﻿Fayette County,﻿Fayette County,﻿Lexington,﻿Lexington,﻿KY,,38.046734,-84.494593,,,,﻿edw_mcmahon_901,﻿Rev.,﻿Edward McMahon,,,,,,,,1838,,﻿https://www.stpeterlex.org/about-us/our-history,,,,﻿,﻿,﻿Bardstown,Bardstown
﻿lou.ky.0016,﻿church,﻿St. Louis,English,,,,﻿Jefferson County,﻿Jefferson County,﻿Louisville,﻿Louisville,﻿KY,﻿KY,38.236908,-85.763639,,,,﻿ign_a_reynolds_901,﻿Rev.,﻿Ign. A. Reynolds,,,,,,,,1838,,﻿https://www.stlb.org/,,,,﻿,﻿,﻿Bardstown,Bardstown
﻿lou.ky.0016,﻿church,﻿St. Louis,English,,,,﻿Jefferson County,﻿Jefferson County,﻿Louisville,﻿Louisville,﻿KY,,38.236908,-85.763639,,,,﻿g_w_hayden_901,﻿Rev.,﻿G. W. Hayden,,,,,,,,1838,,,,,,﻿,﻿,﻿Bardstown,Bardstown
﻿lou.ky.0016,﻿church,﻿St. Louis,English,,,,﻿Jefferson County,﻿Jefferson County,﻿Louisville,﻿Louisville,﻿KY,,38.236908,-85.763639,,,,﻿joh_w_mcgill_001,﻿Rev.,﻿J. W. McGill,,,,,,,,1838,,,,,,﻿,﻿,﻿Bardstown,Bardstown
﻿lou.ky.0016,﻿church,﻿St. Louis,English,,,,﻿Jefferson County,﻿Jefferson County,﻿Louisville,﻿Louisville,﻿KY,,38.236908,-85.763639,,,,﻿steinsmidt_901,﻿Rev. Mr.,﻿Steinsmidt,,,,,,,,1838,,,,,,﻿,﻿,﻿Bardstown,Bardstown
﻿lou.ky.0059,﻿church,[Unnamed Institution],English,,,,﻿Union County,﻿Union County,﻿Morganfield,﻿Morganfield,﻿KY,﻿KY,37.682563,-87.921595,,,,﻿eli_j_durbin_001,﻿Rev.,﻿Elisha J. Durbin,,,,,,,,1838,,,,,,﻿,﻿,﻿Bardstown,Bardstown
﻿lou.ky.0063,﻿church,[Unnamed Institution],English,,,,,,﻿New Haven,,﻿KY,,37.6603098,-85.5909759,,﻿[visited] every second Sunday [by] Rev. A. A. Aud.,,﻿a_a_aud_001,﻿Rev.,﻿A. A. Aud.,,,,,,,,1838,,﻿https://stcatherinenewhaven.org/,,,,﻿,﻿,﻿Bardstown,Bardstown
﻿lou.ky.0065,﻿church,[Unnamed Institution],English,,,,,﻿Daviess County,﻿Owensboro,,﻿KY,﻿KY,37.769766,-87.1159126,,,,﻿joh_wathen_901,﻿Rev.,﻿J. C. Wathen,,,,,,,,1838,,﻿https://ststephencathedral.org/about/,,,,﻿,﻿,﻿Bardstown,Bardstown
﻿lou.ky.0048,﻿church,﻿St. Charles,English,,,,,﻿Marion County,,﻿Loretto,﻿KY,﻿KY,37.672859,-85.447846,,,,﻿lew_petit_901,﻿Rev.,﻿Lewis Petit,,,,,,,,1838,,﻿http://sfahc.com/holy-cross,,,,﻿,﻿,﻿Bardstown,Bardstown
﻿cov.ky.0056,﻿church,﻿St. Pius' Church,English,,,,﻿Scott County,,﻿Frankfort,,﻿KY,,38.207553,-84.697121,,,,﻿j_a_drew_901,﻿Rev.,﻿J. A. Drew,,,,,,,,1838,,,,,,﻿,﻿,﻿Bardstown,Bardstown
﻿lou.ky.0091,﻿church,﻿St. Thomas' Church,English,,,,,,,﻿Bardstown,﻿KY,﻿KY,37.766597,-85.484015,,,,﻿a_a_aud_001,﻿Rev.,﻿A. A. Aud.,,,,,,,,1838,,﻿https://www.saintthomasbardstown.org/ ; https://ia801606.us.archive.org/13/items/historicaltribut00howl/historicaltribut00howl.pdf,,,,﻿,﻿,﻿Bardstown,Bardstown
﻿lou.ky.0102,﻿church,[Unnamed Institution],English,,,,﻿Spencer County,﻿Spencer County,,﻿Taylorsville,﻿KY,﻿KY,38.033019,-85.344677,,,,﻿jam_elliott_001,﻿Rev.,﻿J. Elliott,,,﻿of Fairfield,,,,,1838,,﻿https://www.allsaintstville.org/history,,,,﻿,﻿,﻿Bardstown,Bardstown
﻿nash.tn.9000,﻿church,[Unnamed Institution],English,,,,,,﻿Nashville,,﻿TN,,36.166521,-86.783958,,,﻿visited semi-annually by Rev.  E. J. Durbin,﻿eli_j_durbin_001,﻿rev.,﻿E. J. Durbin,,,"﻿dwelling at Morganfield, KY",,,,,1838,,"﻿https://www.hmdb.org/m.asp?m=36240 ; https://en.wikipedia.org/wiki/Cathedral_of_the_Incarnation_(Nashville,_Tennessee)",,,,﻿,﻿,﻿Bardstown,Bardstown
﻿lou.ky.0106,﻿seminary,﻿St. Thomas' Diocesan Seminary,English,,,,,﻿Nelson County,﻿Bardstown,﻿Bardstown,﻿KY,﻿KY,37.766944,-85.483333,,,,﻿wal_s_coomes_001,﻿Rev.,﻿Walter S. Coomes,,﻿President,,﻿student,﻿20 students,,,1838,,﻿https://en.wikipedia.org/wiki/St._Thomas_Church_and_Howard%E2%80%93Flaget_House,"﻿Reading, Writing, Arithmetic, English Grammar, Geography, Book-keeping, Surveying, Mathematics, Latin, Greek and French","﻿Reading, Writing, Arithmetic, English Grammar, Geography, Book-keeping, Surveying, Mathematics, Latin, Greek and French",﻿by the Right Rev. Bishop of Bardstown in 1811,﻿,﻿,﻿Bardstown,Bardstown
﻿lou.ky.0089_92,﻿convent,﻿Dominican Convent,English,,,,﻿Washington County,﻿Washington County,﻿Springfield,﻿Springfield,﻿KY,﻿KY,37.693185,-85.262389,,,,﻿jos_t_jarboe_001,﻿Rev.,﻿J. T. Jarboe,,﻿Prior,﻿the Noviceship for the country is kept here,﻿religious,,﻿[under the direction of] the Dominicans,,1838,,,,,,﻿,﻿,﻿Bardstown,Bardstown
﻿lou.ky.0089_92,﻿convent,﻿Dominican Convent,English,,,,﻿Washington County,﻿Washington County,﻿Springfield,﻿Springfield,﻿KY,,37.693185,-85.262389,,,,﻿s_l_montgomery_901,﻿Rev.,﻿S. L. Montgomery,,,,﻿layperson,,﻿[under the direction of] the Dominicans,,1838,,,,,,﻿,﻿,﻿Bardstown,Bardstown
﻿lou.ky.0089_92,﻿convent,﻿Dominican Convent,English,,,,﻿Washington County,﻿Washington County,﻿Springfield,﻿Springfield,﻿KY,,37.693185,-85.262389,,,,﻿polin_901,﻿Rev.,﻿Thomas Polin,,,,﻿layperson,,﻿[under the direction of] the Dominicans,,1838,,,,,,﻿,﻿,﻿Bardstown,Bardstown
﻿lou.ky.0089_92,﻿convent,﻿Dominican Convent,English,,,,﻿Washington County,﻿Washington County,﻿Springfield,﻿Springfield,﻿KY,,37.693185,-85.262389,,,,﻿joh_h_mcgrady_901,﻿Rev.,﻿J. H. McGrady,,,,﻿layperson,,﻿[under the direction of] the Dominicans,,1838,,,,,,﻿,﻿,﻿Bardstown,Bardstown
﻿lou.ky.0089_92,﻿convent,﻿Dominican Convent,English,,,,﻿Washington County,﻿Washington County,﻿Springfield,﻿Springfield,﻿KY,,37.693185,-85.262389,,,,﻿cha_d_bowling_901,﻿Rev.,﻿C. D. Bowlin,,,,﻿layperson,,﻿[under the direction of] the Dominicans,,1838,,,,,,﻿,﻿,﻿Bardstown,Bardstown
﻿lou.ky.0089_92,﻿convent,﻿Dominican Convent,English,,,,﻿Washington County,﻿Washington County,﻿Springfield,﻿Springfield,﻿KY,,37.693185,-85.262389,,,,﻿jam_v_bullock_901,﻿Rev.,﻿J. V. Bullock,,,,﻿layperson,,﻿[under the direction of] the Dominicans,,1838,,,,,,﻿,﻿,﻿Bardstown,Bardstown
﻿lou.ky.0089_92,﻿convent,﻿Dominican Convent,English,,,,﻿Washington County,﻿Washington County,﻿Springfield,﻿Springfield,﻿KY,,37.693185,-85.262389,,,,﻿j_g_alliman_901,﻿Rev.,﻿A. G. Alliman,,,,﻿layperson,,﻿[under the direction of] the Dominicans,,1838,,,,,,﻿,﻿,﻿Bardstown,Bardstown
﻿lou.ky.0105,﻿college,﻿St. Joseph's College,English,,,,,﻿Nelson County,﻿Bardstown,﻿Bardstown,﻿KY,﻿KY,37.811421,-85.471268,,,,﻿geo_a_elder_901,﻿Rev.,﻿George A. M. Elder,,﻿President,,﻿student,﻿150 students,,,1838,,"﻿No longer an active institution, now a whiskey museum. Here is info on its history: https://www.jesuits.org/our-work/shmr/what-we-have-learned/st-josephs-college-bardstown-kentucky/ ; https://en.wikipedia.org/wiki/Spalding_Hall","﻿The branches actually taught, are the languages, viz: Latin, Greek, French and Spanish, Mathematics, Latin and English Versification: Rhetoric, including composition and elocution, Mental Philosophy, Natural Philosophy, including the elements of Chemistry, Pneumatics, Electricity, Experimental Philosophy, History and Geography, with the use of the maps and globes, are taught with particular attention.",,,﻿,﻿,﻿Bardstown,Bardstown
﻿lou.ky.0105,﻿college,﻿St. Joseph's College,English,,,,,﻿Nelson County,﻿Bardstown,﻿Bardstown,﻿KY,,37.811421,-85.471268,,,,﻿jam_m_lancaster_001,﻿Rev.,﻿J. M. Lancaster,,﻿Vice President,,﻿student,﻿150 students,,,1838,,,,,,﻿,﻿,﻿Bardstown,Bardstown
﻿lou.ky.0105,﻿college,﻿St. Joseph's College,English,,,,,﻿Nelson County,﻿Bardstown,﻿Bardstown,﻿KY,,37.811421,-85.471268,,,,﻿jos_rogers_901,﻿Rev.,﻿J. Rogers,,,,﻿student,﻿150 students,,,1838,,,,,,﻿,﻿,﻿Bardstown,Bardstown
﻿lou.ky.0105,﻿college,﻿St. Joseph's College,English,,,,,﻿Nelson County,﻿Bardstown,﻿Bardstown,﻿KY,,37.811421,-85.471268,,,,﻿cha_i_coomes_001,﻿Rev.,﻿C. J. Coomes,,﻿Professor,,﻿student,﻿150 students,,,1838,,,,,,﻿,﻿,﻿Bardstown,Bardstown
﻿lou.ky.0105,﻿college,﻿St. Joseph's College,English,,,,,﻿Nelson County,﻿Bardstown,﻿Bardstown,﻿KY,,37.811421,-85.471268,,,,﻿edw_a_clarke_901,﻿Rev.,﻿Edward A. Clarke,,﻿Professor,,﻿student,﻿150 students,,,1838,,,,,,﻿,﻿,﻿Bardstown,Bardstown
﻿lou.ky.0105,﻿college,﻿St. Joseph's College,English,,,,,﻿Nelson County,﻿Bardstown,﻿Bardstown,﻿KY,,37.811421,-85.471268,,,,﻿hyp_de-luynes_001,﻿Rev.,﻿H. De Luynes,,﻿Professor,,﻿student,﻿150 students,,,1838,,,,,,﻿,﻿,﻿Bardstown,Bardstown
﻿lou.ky.0105,﻿college,﻿St. Joseph's College,English,,,,,﻿Nelson County,﻿Bardstown,﻿Bardstown,﻿KY,,37.811421,-85.471268,,,,﻿wil_f_clarke_001,﻿Rev.,﻿William E. Clarke,,﻿Professor,,﻿student,﻿150 students,,,1838,,,,,,﻿,﻿,﻿Bardstown,Bardstown
﻿lou.ky.9012,﻿college,﻿St. Mary's Seminary,English,,,,﻿Washington County,﻿Marion County,,﻿Lebanon,﻿KY,﻿KY,37.569465,-85.344083,,,,﻿pet_chazelle_901,﻿Rev.,﻿Peter Chazelle,﻿S.J.,﻿President,,﻿student,﻿100 students,,,1838,,﻿NOTE: THIS LOCATION SHIFTS BACK AND FORTH BETWEEN BEING DESCRIBED AS A SEMINARY VS AS A COLLEGE (DESPITE BEING THE SAME PLACE) https://en.wikipedia.org/wiki/St._Mary%27s_College_(Kentucky) ; https://explorekyhistory.ky.gov/items/show/260,,,,﻿,﻿,﻿Bardstown,Bardstown
﻿lou.ky.9012,﻿college,﻿St. Mary's Seminary,English,,,,﻿Washington County,﻿Marion County,,﻿Lebanon,﻿KY,,37.569465,-85.344083,,,,﻿wil_murphy_901,﻿Rev.,﻿Wm. Murphy,﻿S.J.,﻿Vice President,,﻿student,﻿100 students,,,1838,,,,,,﻿,﻿,﻿Bardstown,Bardstown
﻿lou.ky.9012,﻿college,﻿St. Mary's Seminary,English,,,,﻿Washington County,﻿Marion County,,﻿Lebanon,﻿KY,,37.569465,-85.344083,,,,﻿tho_legouais_001,﻿Rev.,﻿Thomas Legouais,﻿S.J.,﻿Professor,,﻿student,﻿100 students,,,1838,,,,,,﻿,﻿,﻿Bardstown,Bardstown
﻿lou.ky.9012,﻿college,﻿St. Mary's Seminary,English,,,,﻿Washington County,﻿Marion County,,﻿Lebanon,﻿KY,,37.569465,-85.344083,,,,﻿vit_giles_901,﻿Rev.,﻿Vital Giles,﻿S.J.,﻿Professor,,﻿student,﻿100 students,,,1838,,,,,,﻿,﻿,﻿Bardstown,Bardstown
﻿lou.ky.9012,﻿college,﻿St. Mary's Seminary,English,,,,﻿Washington County,﻿Marion County,,﻿Lebanon,﻿KY,,37.569465,-85.344083,,,,﻿lew_petit_901,﻿Rev.,﻿Lewis Petit,﻿S.J.,﻿Professor,,﻿student,﻿100 students,,,1838,,,,,,﻿,﻿,﻿Bardstown,Bardstown
﻿lou.ky.9012,﻿college,﻿St. Mary's Seminary,English,,,,﻿Washington County,﻿Marion County,,﻿Lebanon,﻿KY,,37.569465,-85.344083,,,,﻿f_x_evremond_901,﻿Rev.,﻿F. X. Evremond,﻿S.J.,﻿Professor,,﻿student,﻿100 students,,,1838,,,,,,﻿,﻿,﻿Bardstown,Bardstown
﻿lou.ky.9012,﻿college,﻿St. Mary's Seminary,English,,,,﻿Washington County,﻿Marion County,,﻿Lebanon,﻿KY,,37.569465,-85.344083,,,,﻿sim_fouché_001,﻿Rev.,﻿F. Fouché,﻿S.J.,﻿Professor,,﻿student,﻿100 students,,,1838,,,,,,﻿,﻿,﻿Bardstown,Bardstown
﻿lou.ky.0118,﻿academy,﻿Female Academy of Nazareth,English,,﻿Nazareth [community],,,﻿Nelson County,﻿Bardstown,﻿Bardstown,﻿KY,﻿KY,37.851319,-85.473495,,,,,,,,,,﻿student,﻿118 pupils,﻿Conducted by the Sisters of Charity,,1838,,﻿https://nazareth.org/about/ ; https://www.kyhistory.com/digital/collection/PH/id/695/,"﻿Reading, Writing, Arithmetic, English Grammar, Geography, (with the use of the Globes,) History, Rhetoric, Botany, Natural Philosophy, including the principles of Astronomy; Opticks, Chemistry, &c.; Plain Sewing, Marking, Needlework, Drawing, Painting, Music, and the French Language. This last branch, to wit, (the French Language,) is taught with the greatest correctness, both as to grammar and pronunciation, there being actually in the institution several French sisters, besides others who understand and speak the language very correctly. A course of lectures on Rhetoric and Philosophy, (Natural and Moral,) shall be annually given by the Professor of St. Joseph's College. Lessons and Exercises in polite English Literature, will also be occasionally given.","﻿Reading, Writing, Arithmetic, English Grammar, Geography, (with the use of the Globes,) History, Rhetoric, Botany, Natural Philosophy, including the principles of Astronomy; Opticks, Chemistry, &c.; Plain Sewing, Marking, Needlework, Drawing, Painting, Music, and the French Language. This last branch, to wit, (the French Language,) is taught with the greatest correctness, both as to grammar and pronunciation, there being actually in the institution several French sisters, besides others who understand and speak the language very correctly. A course of lectures on Rhetoric and Philosophy, (Natural and Moral,) shall be annually given by the Professor of St. Joseph's College. Lessons and Exercises in polite English Literature, will also be occasionally given.",,﻿,﻿,﻿Bardstown,Bardstown
﻿lou.ky.0121,﻿school,﻿Female School of St. Vincent of Paul,English,,﻿four miles and a half from Morganfield,,﻿Union County,,,,﻿KY,,37.684632,-87.917915,,,,,,,,,,﻿religious,﻿6 sisters,,,1838,,,"﻿The branches taught are as follows: Reading, Writing, Arithmetic, English Grammar, Geography, History; Plain and Fancy Needle-Work, Marking, Lace-Work, Bead-Work, &c.; Drawing and Painting in water colors; Music on the Piano Forte; also, Vocal Music.","﻿The branches taught are as follows: Reading, Writing, Arithmetic, English Grammar, Geography, History; Plain and Fancy Needle-Work, Marking, Lace-Work, Bead-Work, &c.; Drawing and Painting in water colors; Music on the Piano Forte; also, Vocal Music.",,﻿,﻿,﻿Bardstown,Bardstown
﻿lou.ky.0121,﻿school,﻿Female School of St. Vincent of Paul,English,,﻿four miles and a half from Morganfield,,﻿Union County,,,,﻿KY,,37.684632,-87.917915,,,,,,,,,,﻿boarder,﻿60 boarders,,,1838,,,,,,﻿,﻿,﻿Bardstown,Bardstown
﻿cov.ky.9000,﻿academy,﻿Female Academy,English,,,,,,﻿Lexington,,﻿KY,,,,,,,,,,,,,﻿religious,﻿7 sisters,,,1838,,,,,,﻿,﻿,﻿Bardstown,Bardstown
﻿cov.ky.9000,﻿academy,﻿Female Academy,English,,,,,,﻿Lexington,,﻿KY,,,,,,,,,,,,,﻿boarder,﻿35 boarders,,,1838,,,,,,﻿,﻿,﻿Bardstown,Bardstown
﻿cov.ky.9000,﻿academy,﻿Female Academy,English,,,,,,﻿Lexington,,﻿KY,,,,,,,,,,,,,﻿student,﻿25 day scholars,,,1838,,,,,,﻿,﻿,﻿Bardstown,Bardstown
﻿lou.ky.9029,﻿academy,﻿Female Academy,English,,,,,,﻿Louisville,,﻿KY,,,,,,,,,,,,,﻿religious,﻿4 sisters,,,1838,,,,,,﻿,﻿,﻿Bardstown,Bardstown
﻿lou.ky.9029,﻿academy,﻿Female Academy,English,,,,,,﻿Louisville,,﻿KY,,,,,,,,,,,,,﻿student,﻿75 day scholars,,,1838,,,,,,﻿,﻿,﻿Bardstown,Bardstown
﻿lou.ky.9021,﻿academy,﻿Loretto Literary and Benevolent Institution,English,﻿Mr. Niven and Mr. Blancagniel are agents for Loretto,,,﻿Washington County,﻿Marion County,﻿Loretto,﻿Nerinx,﻿KY,﻿KY,37.659636,-85.395933,,,,﻿ben_j_flaget_901,﻿Rt. Rev. Dr.,﻿Flaget,,﻿Moderator,﻿Bishop of Bardstown,﻿tutoress,﻿8 tutoresses,,,1838,,,"﻿Reading, Writing, Arithmetic, English Grammar, Geography with the use of Maps and Globes, History, Ancient and Modern, with Chronology and Mythology, Rhetoric and Composition, Botany, Optics and the Elements of Mechanics, Hydrostatics and Astronomy, Chemistry and Natural Philosophy, the French Language, Needle work, plain and fancy, Marking, Lace and Bead work, Drawing and Painting in water colors, Crayon Drawing, Painting on Satin and Velvet, Music, Vocal and on the Piano Forte.","﻿Reading, Writing, Arithmetic, English Grammar, Geography with the use of Maps and Globes, History, Ancient and Modern, with Chronology and Mythology, Rhetoric and Composition, Botany, Optics and the Elements of Mechanics, Hydrostatics and Astronomy, Chemistry and Natural Philosophy, the French Language, Needle work, plain and fancy, Marking, Lace and Bead work, Drawing and Painting in water colors, Crayon Drawing, Painting on Satin and Velvet, Music, Vocal and on the Piano Forte.",,﻿,﻿,﻿Bardstown,Bardstown
﻿lou.ky.9021,﻿academy,﻿Loretto Literary and Benevolent Institution,English,﻿Mr. Niven and Mr. Blancagniel are agents for Loretto,,,﻿Washington County,﻿Marion County,﻿Loretto,﻿Nerinx,﻿KY,,37.659636,-85.395933,,,,﻿peterson_lou.ky_901,,﻿Peterson,,﻿Professor,,﻿student,﻿70 pupils,,,1838,,,,,,﻿,﻿,﻿Bardstown,Bardstown
﻿lou.ky.9021,﻿academy,﻿Loretto Literary and Benevolent Institution,English,﻿Mr. Niven and Mr. Blancagniel are agents for Loretto,,,﻿Washington County,﻿Marion County,﻿Loretto,﻿Nerinx,﻿KY,,37.659636,-85.395933,,,,﻿madame_blaique_lou.ky_901,,﻿Madame Blaique,,,"﻿has schools in Lexington, Louisville, Cincinnati",﻿student,﻿70 pupils,,,1838,,,,,,﻿,﻿,﻿Bardstown,Bardstown
﻿lou.ky.9021,﻿academy,﻿Loretto Literary and Benevolent Institution,English,﻿Mr. Niven and Mr. Blancagniel are agents for Loretto,,,﻿Washington County,﻿Marion County,﻿Loretto,﻿Nerinx,﻿KY,,37.659636,-85.395933,,,,,﻿Miss,﻿Josephine Kelly,,,,﻿student,﻿70 pupils,,,1838,,,,,,﻿,﻿,﻿Bardstown,Bardstown
﻿lou.ky.9021,﻿academy,﻿Loretto Literary and Benevolent Institution,English,﻿Mr. Niven and Mr. Blancagniel are agents for Loretto,,,﻿Washington County,﻿Marion County,﻿Loretto,﻿Nerinx,﻿KY,,37.659636,-85.395933,,,,﻿guy_i_chabrat_901,﻿Right Rev. Dr.,﻿Chabrat,,﻿Bishop Coadjutor of Bardstown,,﻿student,﻿70 pupils,,,1838,,,,,,﻿,﻿,﻿Bardstown,Bardstown
﻿lou.ky.9022,﻿monastery,[Unnamed Institution],English,,﻿Bethlehem,,,,﻿Elizabethtown,,﻿KY,,37.699955,-85.873355,,,,,,,,,,﻿religious,﻿6 sisters,,,1838,,,,,,﻿,﻿,﻿Bardstown,Bardstown
﻿lou.ky.9022_02,﻿school,[Unnamed Institution],English,,﻿Bethlehem,,,,﻿Elizabethtown,,﻿KY,,37.699955,-85.873355,,,,,,,,,,﻿student,﻿50 pupils,,,1838,,,,,,﻿,﻿,﻿Bardstown,Bardstown
﻿lou.ky.9034,﻿convent,﻿Convent of Holy Mary,English,,,,﻿Washington County,﻿Marion County,﻿Loretto,﻿Nerinx,﻿KY,﻿KY,37.659636,-85.395933,,,,,,,,,,﻿religious,﻿6 sisters,,,1838,,,,,,﻿,﻿,﻿Bardstown,Bardstown
﻿lou.ky.9012_02,﻿academy,﻿female academy,English,,,,﻿Washington County,﻿Marion County,﻿Loretto,﻿Nerinx,﻿KY,﻿KY,37.569465,-85.344083,,,,,,,,,,﻿student,﻿25 pupils,,,1838,,,,,,﻿,﻿,﻿Bardstown,Bardstown
﻿lou.ky.9013,﻿convent,﻿Convent of Gethsemani,English,,,,,﻿Nelson County,,﻿Trappist,﻿KY,﻿KY,37.66453,-85.529004,,,,,,,,,,﻿religious,﻿5 sisters,,,1838,﻿https://monks.org/,,,,,﻿,﻿,﻿Bardstown,Bardstown
﻿lou.ky.9013_02,﻿school,﻿Female School of Gethsemani,English,,,,,﻿Nelson County,,﻿Trappist,﻿KY,﻿KY,37.66453,-85.529004,,,,,,,,,,﻿student,﻿20 pupils,,,1838,,,,,,﻿,﻿,﻿Bardstown,Bardstown
﻿lou.ky.0089_93,﻿convent,﻿St. Magdalen's Convent,English,﻿under the immediate inspection of the Rev. Gentlemen of St. Rose,﻿[at St. Rose],,﻿Washington County,﻿Washington County,,﻿Springfield,﻿KY,﻿KY,37.693185,-85.262389,,,,,,,,﻿Lady Superior,,,,﻿under the direction of the Nuns of St. Dominick,,1838,﻿https://oppeace.org/who-we-are/history/,,,,,﻿,﻿,﻿Bardstown,Bardstown
﻿lou.ky.0089,﻿church,﻿St. Rose,English,﻿Here is a convent of Dominicans,,,﻿Washington County,﻿Washington County,﻿Springfield,﻿Springfield,﻿KY,﻿KY,37.693185,-85.262389,,,,﻿tho_martin_901,﻿Rev.,﻿Thomas Martin,,,,,,,,1838,﻿NOTE: THIS LOCATION IS ONLY 'MENTIONED' IN THE ENTRY FOR THE ABOVE INSTITUTON - DOES NOT HAVE ITS OWN ENTRY ; https://strosespringfield.org/about/history/,,,,,﻿,﻿,﻿Bardstown,Bardstown
﻿lou.ky.9033,﻿asylum,﻿Orphan Asylum and Infirmary,English,,,,,,﻿Louisville,,﻿KY,,,,,,,,,,,,,﻿child,﻿40 orphans,﻿under the care of the Sisters of Charity,,1838,,,,,,﻿,﻿,﻿Bardstown,Bardstown
﻿lou.ky.9033,﻿asylum,﻿Orphan Asylum and Infirmary,English,,,,,,﻿Louisville,,﻿KY,,,,,,,,,,,,,﻿religious,﻿7 sisters,﻿under the care of the Sisters of Charity,,1838,,,,,,﻿,﻿,﻿Bardstown,Bardstown
