instID,church_type,instName,language,instNote,placeName,region,county_orig,county_reg,city_orig,city_reg,state_orig,state_reg,latitude,longitude,attendingInstID,attendingChurch,attendingChurchFrequency,persID,persTitle,persName,persSuffix,persRole,persNote,memberType,member,affiliated,order,year,NOTES,courses,Unnamed: 32,attendingPersID,attendingChurchNote,diocese,diocese_reg
﻿cha.sc.0001,﻿cathedral,﻿Cathedral of St. Finbar,English,,,,,﻿Charleston County,﻿Charleston,﻿Charleston,﻿SC,﻿SC,32.776427,-79.934539,,,,﻿ric_s_baker_001,﻿Rev.,﻿R. S. Baker,,﻿Pastor,,,,,,1838,﻿https://en.wikipedia.org/wiki/Cathedral_of_Saint_John_and_Saint_Finbar ; https://charlestoncathedral.com/history/,,,﻿,﻿,﻿Charleston,Charleston
﻿cha.sc.0001,﻿cathedral,﻿Cathedral of St. Finbar,English,,,,,﻿Charleston County,﻿Charleston,﻿Charleston,﻿SC,,32.776427,-79.934539,,,,﻿joh_doyle_901,﻿Rev.,﻿John Boyle,,﻿Assistant,,,,,,1838,,,,﻿,﻿,﻿Charleston,Charleston
﻿cha.sc.0002,﻿church,﻿St. Mary's,English,,﻿Hassel st.,,,﻿Charleston County,﻿Charleston,﻿Charleston,﻿SC,﻿SC,32.781891,-79.932866,,,,﻿rob_browne_901,﻿Rev.,﻿Robert Browne,,﻿Pastor,,,,,,1838,﻿https://www.sma.church/our-history.html,,,﻿,﻿,﻿Charleston,Charleston
﻿cha.sc.0002,﻿church,﻿St. Mary's,English,,﻿Hassel st.,,,﻿Charleston County,﻿Charleston,﻿Charleston,﻿SC,,32.781891,-79.932866,,,,﻿joh_fielding_901,﻿Rev.,﻿John Fielding,,﻿Assistant,,,,,,1838,,,,﻿,﻿,﻿Charleston,Charleston
﻿cha.sc.0003,﻿church,﻿St. Patrick's,English,,﻿Charleston Neck,,,﻿Charleston County,﻿Charleston,﻿Charleston,﻿SC,﻿SC,32.788225,-79.940392,,,,﻿pat_oneill_902,﻿Rev.,﻿Patrick O'Neill,,,,,,,,1838,﻿https://www.stpatrickcharleston.org/history,,,﻿,﻿,﻿Charleston,Charleston
﻿cha.sc.0023,﻿station,[Unnamed Institution],English,,,,,,﻿Beaufort,,﻿SC,,32.439429,-80.670543,﻿cha.sc.0001,﻿visited from Charleston,,,,,,,,,,,,1838,"﻿this church history mentions the pre-church history, making me think it is likely the same place: https://www.stpetersbeaufort.org/parish-history",,,﻿,﻿,﻿Charleston,Charleston
﻿cha.sc.9003,﻿station,﻿St. James',English,,,,﻿Colleton District,﻿Colleton County,,﻿Walterboro,﻿SC,﻿SC,32.776667,-80.662222,﻿cha.sc.0001,﻿visited from Charleston,,,,,,,,,,,,1838,﻿https://schpr.sc.gov/index.php/Detail/properties/26792,,,﻿,﻿,﻿Charleston,Charleston
﻿cha.sc.0025,﻿church,﻿St. Peter's,English,,,,,﻿Richland County,﻿Columbia,﻿Columbia,﻿SC,﻿SC,34.005509,-81.038109,,,,﻿tim_bermingham_001,﻿Rev.,﻿Timothy Bermingham,,,,,,,,1838,﻿https://www.visitstpeters.org/our-history,,,﻿,﻿,﻿Charleston,Charleston
﻿cha.sc.0025,﻿church,﻿St. Peter's,English,,,,,﻿Richland County,﻿Columbia,﻿Columbia,﻿SC,,34.005509,-81.038109,,﻿[attended by] Rev. James Wallace,,﻿jam_wallace_901,﻿Rev.,﻿James Wallace,,,﻿resides near Columbia,,,,,1838,,,,﻿,﻿,﻿Charleston,Charleston
﻿cha.sc.0034,﻿station,[Unnamed Institution],English,,,,﻿Sumter County,,﻿Sumter,,﻿SC,,33.920556,-80.375,,﻿[attended by] Rev. James Wallace,,﻿jam_wallace_901,﻿Rev.,﻿James Wallace,,,,,,,,1838,"﻿2 churches stand today, neither built before 1870... There were two churches beforehand: Our Lady of the Assumption in 1838 and St. Lawrence in 1850. There's no St. John's here that I can find. https://archives.themiscellany.org/2011/05/26/stanne-sumter/ | https://www.sasjrcc.org/about-us/our-history/",,,﻿,﻿,﻿Charleston,Charleston
﻿cha.sc.9014,﻿station,[Unnamed Institution],English,,,,﻿Sumter County,,﻿Statesburg,,﻿SC,,,,,﻿[attended by] Rev. James Wallace,,﻿jam_wallace_901,﻿Rev.,﻿James Wallace,,,,,,,,1838,,,,﻿,﻿,﻿Charleston,Charleston
﻿cha.sc.9015,﻿station,[Unnamed Institution],English,,,,﻿Kenshaw County,,﻿Camden,,﻿SC,,,,,﻿[attended by] Rev. James Wallace,,﻿jam_wallace_901,﻿Rev.,﻿James Wallace,,,,,,,,1838,,,,﻿,﻿,﻿Charleston,Charleston
﻿cha.sc.0026,﻿station,[Unnamed Institution],English,,,,﻿Fairfield County,,﻿Winsboro,﻿Winnsboro,﻿SC,,,,,﻿[attended by] Rev. James Wallace,,﻿jam_wallace_901,﻿Rev.,﻿James Wallace,,,,,,,,1838,,,,﻿,﻿,﻿Charleston,Charleston
﻿cha.sc.9016,﻿station,[Unnamed Institution],English,,,,,,﻿Newberry,,﻿SC,,,,,﻿[attended by] Rev. James Wallace,,﻿jam_wallace_901,﻿Rev.,﻿James Wallace,,,,,,,,1838,,,,﻿,﻿,﻿Charleston,Charleston
﻿cha.sc.9016,﻿station,[Unnamed Institution],English,,,,,,﻿Newberry,,﻿SC,,,,,﻿[attended by] Francis Farrall,﻿every alternate month,﻿fra_farrall_901,﻿Rev.,﻿Francis Farrall,,,,,,,,1838,,,,﻿,﻿,﻿Charleston,Charleston
﻿cha.sc.0012,﻿station,[Unnamed Institution],English,,,,,,﻿Orangebury,﻿Orangeburg,﻿SC,,,,,﻿[attended by] Rev. James Wallace,,﻿jam_wallace_901,﻿Rev.,﻿James Wallace,,,,,,,,1838,"﻿https://en.wikipedia.org/wiki/Orangeburg,_South_Carolina ; believe this is the location in question, possible that it is a trascription error, or there is a name change over the years",,,﻿,﻿,﻿Charleston,Charleston
﻿cha.sc.9017,﻿station,[Unnamed Institution],English,,,,,,﻿Lexington,,﻿SC,,,,,﻿[attended by] Rev. James Wallace,,﻿jam_wallace_901,﻿Rev.,﻿James Wallace,,,,,,,,1838,,,,﻿,﻿,﻿Charleston,Charleston
﻿ral.nc.9003,﻿station,[Unnamed Institution],English,,,,,,﻿Lincoln,,﻿NC,,35.665556,-80.490833,,﻿[attended by] Rev. James Wallace,,﻿jam_wallace_901,﻿Rev.,﻿James Wallace,,,,,,,,1838,,,,﻿,﻿,﻿Charleston,Charleston
﻿ral.nc.0011,﻿station,[Unnamed Institution],English,,,,,﻿Mecklenburg County,﻿Charlotte,﻿Charlotte,﻿NC,﻿NC,35.167851,-80.728246,,﻿[attended by] Rev. James Wallace,,﻿jam_wallace_901,﻿Rev.,﻿James Wallace,,,,,,,,1838,﻿Seems like this is a mission of some sort - or a satellite station?,,,﻿,﻿,﻿Charleston,Charleston
﻿ral.nc.0002,﻿church,﻿St. Patrick's,English,,,,,﻿Cumberland County,﻿Fayetteville,﻿Fayetteville,﻿NC,﻿NC,35.052598,-78.876608,,,,﻿tho_murphy_001,﻿Rev.,﻿Thomas Murphy,,,,,,,,1838,﻿https://www.stpatnc.org/history,,,﻿,﻿,﻿Charleston,Charleston
﻿ral.nc.0018,﻿church,[Unnamed Institution],English,,,,,,﻿Raleigh,,﻿NC,,35.854167,-78.761944,,,,﻿tho_murphy_001,﻿Rev.,﻿Thomas Murphy,,,,,,,,1838,,,,﻿,﻿,﻿Charleston,Charleston
﻿ral.nc.0001,﻿church,[Unnamed Institution],English,,,,,,﻿Wilmington,,﻿NC,,34.21,-77.886667,,﻿[attended by] Rev. Thomas Murphy,﻿two or three times in the year,﻿tho_murphy_001,﻿Rev.,﻿Thomas Murphy,,,,,,,,1838,,,,﻿,﻿,﻿Charleston,Charleston
﻿ral.nc.9008,﻿station,[Unnamed Institution],English,,,,﻿Duplin County,,,,,,,,,﻿[attended by] Rev. Thomas Murphy,﻿two or three times in the year,,,,,,,,,,,1838,,,,﻿,﻿,﻿Charleston,Charleston
﻿ral.nc.0009,﻿station,[Unnamed Institution],English,,,,,,﻿Halifax,,﻿NC,,36.325556,-77.59,,﻿[attended by] Rev. Thomas Murphy,﻿two or three times in the year,﻿tho_murphy_001,﻿Rev.,﻿Thomas Murphy,,,,,,,,1838,,,,﻿,﻿,﻿Charleston,Charleston
﻿ral.nc.9007,﻿church,﻿St. John Evang.,English,,,,,,﻿Washington,,,,35.546753,-77.059346,,,,﻿fra_farrall_901,﻿Rev.,﻿Francis Farrall,,,,,,,,1838,,,,﻿,﻿,﻿Charleston,Charleston
﻿ral.nc.9005,﻿church,[Unnamed Institution],English,,,,﻿Pitt County,,﻿Greenville,,﻿NC,,35.594444,-77.376111,,﻿[attended by] Rev. Francis Farrall,﻿twice or thrice in the year,﻿fra_farrall_901,﻿Rev.,﻿Francis Farrall,,,,,,,,1838,,,,﻿,﻿,﻿Charleston,Charleston
﻿ral.nc.9009,﻿station,[Unnamed Institution],English,,,,,,﻿Hartford,,﻿NC,,,,,﻿[attended by] Rev. Francis Farrall,,﻿fra_farrall_901,﻿Rev.,﻿Francis Farrall,,,,,,,,1838,"﻿https://en.wikipedia.org/wiki/Hertford,_North_Carolina Seems like it might mean Hertford",,,﻿,﻿,﻿Charleston,Charleston
﻿ral.nc.0004,﻿church,[Unnamed Institution],English,﻿about 30 miles below Washington,,,,﻿Craven County,﻿Newbern,﻿New Bern,﻿NC,﻿NC,35.084575,-77.068429,,﻿[attended by] Rev. Francis Farrall,,﻿fra_farrall_901,﻿Rev.,﻿Francis Farrall,,,,,,,,1838,"﻿While this church would not be built until 1840, the historical research others have done appears to make a clear connection between this early group of Catholics in 1833 and the formation of a congregation, then a church, in a few years. Because it is a precursor, I feel like it is worth giving it the ID: https://newbernhistorical.org/this-month-in-new-bern-history-january-2022/",,,﻿,﻿,﻿Charleston,Charleston
﻿sav.ga.0003,﻿church,﻿Holy Trinity Church,English,,,,,﻿Richmond County,﻿Augusta,﻿Augusta,﻿GA,﻿GA,33.471676,-81.966806,,,,﻿joh_barry_901,﻿Rev.,﻿John Barry,,,﻿Vic. For.,,,,,1838,﻿https://themostholytrinity.org/our-history,,,﻿,﻿,﻿Charleston,Charleston
﻿cha.sc.0015,﻿church,﻿St. Andrew's,English,,,,,,﻿Barnwell,﻿Barnwell,﻿SC,,33.2411,-81.362,﻿sav.ga.0003,﻿visited from Augusta,﻿visited two or three times a year,﻿joh_barry_901,﻿Rev.,﻿John Barry,,,,,,,,1838,﻿St. Andrew's | https://en.wikipedia.org/wiki/Saint_Andrew%27s_Catholic_Church,,,﻿,﻿,﻿Charleston,Charleston
﻿cha.sc.0021,﻿church,[Unnamed Institution],English,,,,,,﻿Edgarfield,﻿Edgefield,﻿SC,,33.783333,-81.933333,﻿sav.ga.0003,﻿visited from Augusta,﻿visited two or three times a year,﻿joh_barry_901,﻿Rev.,﻿John Barry,,,,,,,,1838,,,,﻿,﻿,﻿Charleston,Charleston
﻿sav.ga.0001,﻿church,﻿St. John the Baptist,English,,,,,﻿Chatham County,﻿Savannah,﻿Savannah,﻿GA,﻿GA,32.073357,-81.090983,,,,﻿jer_f_oneill_001,﻿Rev.,﻿Jer. F. O'Neill,,﻿Pastor,,,,,,1838,"﻿https://en.wikipedia.org/wiki/Cathedral_Basilica_of_St._John_the_Baptist_(Savannah,_Georgia)",,,﻿,﻿,﻿Charleston,Charleston
﻿sav.ga.0001,﻿church,﻿St. John the Baptist,English,,,,,﻿Chatham County,﻿Savannah,﻿Savannah,﻿GA,,32.073357,-81.090983,,,,﻿phi_gillick_001,﻿Rev.,﻿Philip Gillick,,﻿Assistant,,,,,,1838,,,,﻿,﻿,﻿Charleston,Charleston
﻿sav.ga.9000,﻿church,﻿St. Mary's,English,﻿and the South Eastern Counties,,,,,﻿Darien,,﻿GA,,31.376293,-81.433184,﻿sav.ga.0001,﻿visited from Savannah,﻿visited twice or thrice in the year,,,,,,,,,,,1838,﻿https://nativitydarien.org/who-we-are/,,,﻿,﻿,﻿Charleston,Charleston
﻿sav.ga.9004,﻿station,[Unnamed Institution],English,﻿adjoining stations,,,,,,,﻿GA,,34.290278,-83.829444,﻿sav.ga.0001,﻿visited from Savannah,﻿visited twice or thrice in the year,,,,,,,,,,,1838,,,,﻿,﻿,﻿Charleston,Charleston
﻿sav.ga.0006,﻿church,﻿SS. Philip and James,English,,,,,,﻿Columbus,﻿Columbus,﻿GA,,32.460976,-84.987709,,,,﻿jam_graham_901,﻿Rev.,﻿James Graham,,,,,,,,1838,,,,﻿,﻿,﻿Charleston,Charleston
﻿sav.ga.0004,﻿church,[Unnamed Institution],English,,,,,,﻿Macon,﻿Macon,﻿GA,,32.840695,-83.632402,,﻿attended by James Graham,﻿two or three times a year,﻿jam_graham_901,﻿Rev.,﻿James Graham,,,,,,,,1838,,,,﻿,﻿,﻿Charleston,Charleston
﻿sav.ga.9003,﻿church,[Unnamed Institution],English,,,﻿Western Counties,,,,,﻿GA,,32.998611,-83.555556,,﻿attended by James Graham,,﻿jam_graham_901,﻿Rev.,﻿James Graham,,,,,,,,1838,,,,﻿,﻿,﻿Charleston,Charleston
﻿sav.ga.0010,﻿church,﻿Purification of the BVM,English,,,,﻿Warren County,﻿Henry County,﻿Locust Grove,﻿Locust Grove,﻿GA,﻿GA,33.542523,-82.776687,,,,﻿pet_whelan_901,﻿Rev.,﻿Peter Whelan,,,,,,,,1838,,,﻿https://www.hrcga.org/church/locust-grove-catholic/,﻿,﻿,﻿Charleston,Charleston
﻿cha.sc.0032,﻿station,[Unnamed Institution],English,,,,,,﻿Abbeville,,﻿SC,,,,,﻿visited by Rev. Peter Whelan,﻿two or three times a year,﻿pet_whelan_901,﻿Rev.,﻿Peter Whelan,,,,,,,,1838,,,,﻿,﻿,﻿Charleston,Charleston
﻿sav.ga.9001,﻿station,[Unnamed Institution],English,,,,,,﻿Louisville,,﻿GA,,33.004167,-82.404722,,﻿visited by Rev. Peter Whelan,﻿two or three times a year,﻿pet_whelan_901,﻿Rev.,﻿Peter Whelan,,,,,,,,1838,,,,﻿,﻿,﻿Charleston,Charleston
﻿sav.ga.0012,﻿church,[Unnamed Institution],English,,,,,,﻿Sparta,,﻿GA,,33.283333,-82.966667,,﻿visited by Rev. Peter Whelan,﻿two or three times a year,﻿pet_whelan_901,﻿Rev.,﻿Peter Whelan,,,,,,,,1838,,,,﻿,﻿,﻿Charleston,Charleston
﻿sav.ga.0016,﻿church,[Unnamed Institution],English,,,,,,﻿Milledgeville,,﻿GA,,32.492222,-84.940278,,﻿visited by Rev. Peter Whelan,﻿two or three times a year,﻿pet_whelan_901,﻿Rev.,﻿Peter Whelan,,,,,,,,1838,,,,﻿,﻿,﻿Charleston,Charleston
﻿cha.sc.9000,﻿seminary,﻿Seminary of St. John the Baptist,English,,,,,﻿Charleston County,﻿Charleston,﻿Charleston,﻿SC,﻿SC,32.784247,-79.936828,,,,﻿ric_s_baker_001,﻿Rev.,﻿Richard S. Baker,,,,﻿student,﻿7 students,,,1838,﻿https://en.wikipedia.org/wiki/Charleston_Female_Seminary ; https://discovering.charleston.edu/files/show/107,"﻿Classics, Mathematics, Arithmetic, English, &c.",,﻿,﻿,﻿Charleston,Charleston
﻿cha.sc.9018,﻿school,﻿Day School,English,﻿for boys,,,,﻿Charleston County,﻿Charleston,﻿Charleston,﻿SC,﻿SC,,,,,,,,,,,,,,,,1838,,,,﻿,﻿,﻿Charleston,Charleston
﻿sav.ga.9005,﻿school,﻿Day School,English,﻿for boys,,,,,﻿Augusta,,﻿GA,,33.6,-83.866667,,,,,,,,,,,,,,1838,,,,﻿,﻿,﻿Charleston,Charleston
﻿cha.sc.0038,﻿convent,[Unnamed Institution],English,,,,,﻿Charleston County,﻿Charleston,﻿Charleston,﻿SC,﻿SC,,,,,,﻿magdalen_barclay_sav.ga_901,﻿Sister,﻿Magdalen Barclay,,,,﻿boarder,﻿15 boarders,﻿conducted by the Sisters of Our Lady of Mercy,,1838,,,,﻿,﻿,﻿Charleston,Charleston
﻿cha.sc.0038,﻿convent,[Unnamed Institution],English,,,,,﻿Charleston County,﻿Charleston,﻿Charleston,﻿SC,,,,,,,,,,,,,﻿student,﻿50 day scholars,﻿conducted by the Sisters of Our Lady of Mercy,,1838,,,,﻿,﻿,﻿Charleston,Charleston
﻿cha.sc.9009,﻿convent,﻿Ursuline Convent,English,,,,,﻿Charleston County,﻿Charleston,﻿Charleston,﻿SC,﻿SC,,,,,,﻿m_c_moloney_cha.sc_901,﻿Rev. Mother,﻿Mary Charles Moloney,,﻿Superior,,﻿boarder,﻿4 boarders,,,1838,,,,﻿,﻿,﻿Charleston,Charleston
﻿cha.sc.9009,﻿convent,﻿Ursuline Convent,English,,,,,﻿Charleston County,﻿Charleston,﻿Charleston,﻿SC,,,,,,,﻿m_b_mccarthy_cha.sc_901,﻿Rev. Mother,﻿Mary Borgia McCarthy,,﻿Assistant,,﻿student,﻿22 day scholars,,,1838,,,,﻿,﻿,﻿Charleston,Charleston
﻿cha.sc.9019,﻿asylum,[Unnamed Institution],English,,,,,﻿Charleston County,﻿Charleston,﻿Charleston,﻿SC,﻿SC,,,,,,,,,,,,,,﻿Sisters of Mercy,,1838,,,,﻿,﻿,﻿Charleston,Charleston
﻿cha.sc.9020,﻿asylum,﻿Asylum for Aged and Infirm Clergymen,English,,,,,,,,,,,,,,,,,,,,,,,,,1838,,,,﻿,﻿,﻿Charleston,Charleston
