instID,church_type,instName,language,instNote,placeName,region,county_orig,county_reg,city_orig,city_reg,state_orig,state_reg,latitude,longitude,attendingInstID,attendingChurch,attendingChurchFrequency,persID,persTitle,persName,persSuffix,persRole,persNote,memberType,member,affiliated,order,year,Unnamed: 30,attendingPersID,attendingChurchNote,diocese,diocese_reg
﻿phi.pa.0005,﻿cathedral,﻿Cathedral of St. Mary,English,,,,,﻿Philadelphia County,﻿Philadelphia,﻿Philadelphia,﻿PA,﻿PA,39.945643,-75.148563,,,,﻿hen_conwell_901,﻿Right Rev.,﻿Henry Conwell,﻿D.D.,,,,,,,1838,,﻿,﻿,﻿Philadelphia,Philadelphia
﻿phi.pa.0005,﻿cathedral,﻿Cathedral of St. Mary,English,,,,,﻿Philadelphia County,﻿Philadelphia,﻿Philadelphia,﻿PA,,39.945643,-75.148563,,,,﻿fra_p_kenrick_901,﻿Right Rev.,﻿Francis P. Kenrick,﻿D. D.,﻿Coadj.,,,,,,1838,,﻿,﻿,﻿Philadelphia,Philadelphia
﻿phi.pa.0005,﻿cathedral,﻿Cathedral of St. Mary,English,,,,,﻿Philadelphia County,﻿Philadelphia,﻿Philadelphia,﻿PA,,39.945643,-75.148563,,,,﻿pet_r_kenrick_901,﻿Very Rev.,﻿Peter R. Kenrick,,﻿Pastor,,,,,,1838,,﻿,﻿,﻿Philadelphia,Philadelphia
﻿phi.pa.0005,﻿cathedral,﻿Cathedral of St. Mary,English,,,,,﻿Philadelphia County,﻿Philadelphia,﻿Philadelphia,﻿PA,,39.945643,-75.148563,,,,﻿cha_j_carter_001,﻿Rev.,﻿Charles J. Carter,,,,,,,,1838,,﻿,﻿,﻿Philadelphia,Philadelphia
﻿phi.pa.0006,﻿church,﻿St. Joseph's,English,,,,,﻿Philadelphia County,﻿Philadelphia,﻿Philadelphia,﻿PA,﻿PA,39.946554,-75.147571,,,,﻿jam_ryder_902,﻿Rev.,﻿James Ryder,﻿S. J.,,,,,,,1838,,﻿,﻿,﻿Philadelphia,Philadelphia
﻿phi.pa.0006,﻿church,﻿St. Joseph's,English,,,,,﻿Philadelphia County,﻿Philadelphia,﻿Philadelphia,﻿PA,,39.946554,-75.147571,,,,﻿fel_j_barbelin_001,﻿Rev.,﻿Felix Barbelin,﻿S. J.,,,,,,,1838,,﻿,﻿,﻿Philadelphia,Philadelphia
﻿phi.pa.0007,﻿church,﻿St. Augustine's,English,,,,,﻿Philadelphia County,﻿Philadelphia,﻿Philadelphia,﻿PA,﻿PA,39.955527,-75.146585,,,,﻿n_o-donnell_901,﻿Rev.,﻿N. O'Donnell,,,,,,,,1838,,﻿,﻿,﻿Philadelphia,Philadelphia
﻿phi.pa.0007,﻿church,﻿St. Augustine's,English,,,,,﻿Philadelphia County,﻿Philadelphia,﻿Philadelphia,﻿PA,,39.955527,-75.146585,,,,﻿joh_v_oreilly_001,﻿Rev.,﻿J. O'Reilley,,,,,,,,1838,,﻿,﻿,﻿Philadelphia,Philadelphia
﻿phi.pa.0009,﻿church,﻿Holy Trinity,﻿German,﻿German,,,,﻿Philadelphia County,﻿Philadelphia,﻿Philidelphia,﻿PA,﻿PA,39.945508,-75.151895,,,,﻿nic_balleis_901,﻿Rev.,﻿Nicholas Balleis,,,,,,,,1838,,﻿,﻿,﻿Philadelphia,Philadelphia
﻿phi.pa.0009,﻿church,﻿Holy Trinity,﻿German,﻿German,,,,﻿Philadelphia County,﻿Philadelphia,﻿Philidelphia,﻿PA,,39.945508,-75.151895,,,,﻿cor_vanderbraak_901,﻿Rev.,﻿Cor. Vanderbraak,,,,,,,,1838,,﻿,﻿,﻿Philadelphia,Philadelphia
﻿phi.pa.0004,﻿church,﻿St. John,English,﻿Evang.,,,,﻿Philadelphia County,﻿Philidelphia,﻿Philidelphia,﻿PA,﻿PA,39.95127,-75.161381,,,,﻿joh_hughes_901,﻿Very Rev.,﻿J. Hughes,,,,,,,,1838,,﻿,﻿,﻿Philadelphia,Philadelphia
﻿phi.pa.0004,﻿church,﻿St. John,English,﻿Evang.,,,,﻿Philadelphia County,﻿Philidelphia,﻿Philidelphia,﻿PA,,39.95127,-75.161381,,,,﻿fra_x_gartland_901,﻿Rev.,﻿F. X. Gartland,,,,,,,,1838,,﻿,﻿,﻿Philadelphia,Philadelphia
﻿phi.pa.0010,﻿church,﻿St. Michael's,English,,,,,,﻿Philadelphia,﻿Philadelphia,﻿PA,﻿PA,39.973891,-75.13849,,,,﻿ter_j_donaghue_901,﻿Rev.,﻿T. J. Donaghue,,,,,,,,1838,,﻿,﻿,﻿Philadelphia,Philadelphia
﻿pit.pa.9006,﻿church,﻿St. James,English,,,,,,﻿Alexandria,,﻿PA,,40.558333,-78.1,,,﻿[visited] occasionally [by] Rev. J. Hoerner,﻿j_hoerner_901,﻿Rev.,﻿J. Hoerner,,,﻿of Wheeling,,,,,1838,,﻿,﻿,﻿Philadelphia,Philadelphia
﻿pit.pa.0014,﻿church,﻿SS. Peter and Paul,English,,,,,,﻿Beaver,,﻿PA,,,,,,,﻿wil_loughran_901,﻿Rev.,﻿Wilham Loughran,,,,,,,,1838,,﻿,﻿,﻿Philadelphia,Philadelphia
﻿pit.pa.0015,﻿church,﻿St. Thomas,English,,,,,﻿Bedford County,﻿Bedford,﻿Bedford,﻿PA,﻿PA,40.017667,-78.501518,,,﻿[visited] once a month [by] Rev. James Bradley,﻿jam_bradley_001,﻿Rev.,﻿James Bradley,,,﻿dwelling at Newry,,,,,1838,,﻿,﻿,﻿Philadelphia,Philadelphia
﻿har.pa.0041,﻿church,﻿St. John Evangelist,English,,,,,﻿Centre County,﻿Bellefonte,﻿Bellefonte,﻿PA,﻿PA,40.910814,-77.77628,,,﻿[visited] occas. [by] Rev. Ortho Borgess,﻿oth_borgess_901,﻿Rev.,﻿Ortho Borgess,,,,,,,,1838,,﻿,﻿,﻿Philadelphia,Philadelphia
﻿pit.pa.0019,﻿church,﻿SS. Simon and Jude,English,,,,,﻿Indiana County,﻿Blairsville,﻿Blairsville,﻿PA,﻿PA,40.432631,-79.258411,,,﻿[visited] twice a month [by] Rev. James A. Stillinger,﻿jam_a_stillinger_001,﻿Rev.,﻿James A. Stillinger,,,,,,,,1838,,﻿,﻿,﻿Philadelphia,Philadelphia
﻿pit.pa.0026,﻿church,﻿St. Peter's,English,,,,,﻿Fayette County,﻿Brownsville,﻿Brownsville,﻿PA,﻿PA,40.022644,-79.877551,,,﻿[visited] monthly [by] Rev. Michael Gallagher,﻿mic_gallagher_902,﻿Rev.,﻿Michael Gallagher,,,﻿dwelling at Pittsburg,,,,,1838,,﻿,﻿,﻿Philadelphia,Philadelphia
﻿pit.pa.9000,﻿church,﻿St. Patrick's,English,,﻿Buffaloe Creek,,,,,﻿Freeport,﻿PA,﻿PA,40.674444,-79.686389,,,﻿[visited] twice a month [by] Rev. Joseph Cody,﻿jos_cody_901,﻿Rev.,﻿Joseph Cody,,,,,,,,1838,,﻿,﻿,﻿Philadelphia,Philadelphia
﻿pit.pa.0027,﻿church,﻿St. Peter's,English,,,,,﻿Butler County,﻿Butler,﻿Butler,﻿PA,﻿PA,40.862318,-79.890779,,,﻿[visited] once a month [by] Rev. Joseph Cody,﻿jos_cody_901,﻿Rev.,﻿Joseph Cody,,,,,,,,1838,,﻿,﻿,﻿Philadelphia,Philadelphia
﻿pit.pa.0029,﻿church,﻿St. Patrick's,English,,,,,﻿Indiana County,﻿Cameron's Bottom,﻿Heilwood,﻿PA,﻿PA,40.594487,-78.915948,,,﻿[visited] once a month [by] Rev. Terrence McGirr,﻿ter_mcgirr_901,﻿Rev.,﻿Terrence McGirr,,,,,,,,1838,,﻿,﻿,﻿Philadelphia,Philadelphia
﻿har.pa.0038,﻿church,﻿St. Patrick's,English,,,,,﻿Cumberland County,﻿Carlisle,﻿Carlisle,﻿PA,﻿PA,40.175016,-77.202593,,,﻿[visited] twice a month [by] Rev. P. Dwen,﻿pat_j_dwen_901,﻿Rev.,﻿P. Dwen,,,,,,,,1838,,﻿,﻿,﻿Philadelphia,Philadelphia
﻿scr.pa.0020,﻿church,[Unnamed Institution],English,,,,,﻿Lackawanna County,﻿Carbondale,﻿Carbondale,﻿PA,﻿PA,41.571882,-75.50116,,,﻿[visited] twice a month [by] Rev. H. Fitzsimmons,﻿hen_fitzsimmons_901,﻿Rev.,﻿H. Fitzsimmons,,,,,,,,1838,,﻿,﻿,﻿Philadelphia,Philadelphia
﻿phi.pa.9000,﻿church,﻿St. Peter's,English,,,,,﻿Franklin County,﻿Chambersburg,﻿Chambersburg,﻿PA,﻿PA,39.937591,-77.661102,,,﻿[visited] twice a month [by] Rev. P. Rfferty,﻿p_rafferty_901,﻿Rev.,﻿P. Rafferty,,,,,,,,1838,,﻿,﻿,﻿Philadelphia,Philadelphia
﻿erie.pa.0015,﻿church,﻿St. Francis of Assissium,English,,,,,﻿Clearfield County,﻿Clearfield,﻿Clearfield,﻿PA,﻿PA,41.019138,-78.439124,,,﻿[visited] once a month [by] Rev. Otho Borgess,﻿oth_borgess_901,﻿Rev.,﻿Otho Borgess,,,﻿dwelling at Bellefonte,,,,,1838,,﻿,﻿,﻿Philadelphia,Philadelphia
﻿har.pa.0010,﻿church,﻿St. Peter's,English,,,,,﻿Lancaster County,﻿Columbia,﻿Columbia,﻿PA,﻿PA,40.029572,-76.501867,,,﻿[visited] twice a month [by] Rev. B. Keenan,﻿ber_keenan_001,﻿Rev.,﻿B. Keenan,,,﻿dwelling at Lancaster,,,,,1838,,﻿,﻿,﻿Philadelphia,Philadelphia
﻿har.pa.0023,﻿church,﻿Sacred Heart,English,,,,,﻿Adams County,﻿Conewago,﻿Conewago,﻿PA,﻿PA,39.818758,-77.037912,,,,﻿mat_lekeu_901,﻿Rev.,﻿Matthew Lekeu,﻿S.J.,,,,,,,1838,,﻿,﻿,﻿Philadelphia,Philadelphia
﻿har.pa.0023,﻿church,﻿Sacred Heart,English,,,,,﻿Adams County,﻿Conewago,﻿Conewago,﻿PA,,39.818758,-77.037912,,,,﻿mic_dougherty_901,﻿Rev.,﻿Michael Dougherty,﻿S. J.,,,,,,,1838,,﻿,﻿,﻿Philadelphia,Philadelphia
﻿har.pa.0023,﻿church,﻿Sacred Heart,English,,,,,﻿Adams County,﻿Conewago,﻿Conewago,﻿PA,,39.818758,-77.037912,,,,﻿vir_h_barber_901,﻿Rev.,﻿Virgil Barber,﻿S. J.,,,,,,,1838,,﻿,﻿,﻿Philadelphia,Philadelphia
﻿pit.pa.9007,﻿church,﻿St. Philip Beniti,English,,﻿Cussewago Creek,,﻿Crawford County,,,,﻿PA,,,,,,﻿[visited] once in two months [by] Rev. William Loughran,﻿wil_loughran_901,﻿Rev.,﻿William Loughran,,,,,,,,1838,,﻿,﻿,﻿Philadelphia,Philadelphia
﻿pit.pa.0039,﻿church,﻿Mount Carmel,English,,,,﻿Westmoreland County,,﻿Derry Township,,﻿PA,,40.383333,-79.233056,,,﻿[visited] occasionally [by] Rev. James A. Stillinger,﻿jam_a_stillinger_001,﻿Rev.,﻿James A. Stillinger,,,,,,,,1838,,﻿,﻿,﻿Philadelphia,Philadelphia
﻿phi.pa.0110,﻿church,﻿St. Bernard's,English,,,,,,﻿Easton,,﻿PA,,40.688333,-75.216389,,,﻿[visited] once a month [by] Rev. J. Moloney,﻿j_moloney_901,﻿Rev.,﻿J. Moloney,,,,,,,,1838,,﻿,﻿,﻿Philadelphia,Philadelphia
﻿pit.pa.0042,﻿church,﻿St. Patrick's,English,,,,,﻿Cambria County,﻿Ebbensburg,﻿Ebensburg,﻿PA,﻿PA,40.488786,-78.726489,,,﻿[visited] once a month [by] Rev. Peter Lemke,﻿pet_lemke_901,﻿Rev.,﻿Peter Lemke,,,,,,,,1838,,﻿,﻿,﻿Philadelphia,Philadelphia
﻿har.pa.0015,﻿church,﻿St. Peter's,English,,,,,﻿Lancaster County,﻿Elizabethtown,﻿Elizabethtown,﻿PA,﻿PA,40.150028,-76.603783,,,﻿[visited] once a month [by] Rev. P. Maher,﻿pat_maher_901,﻿Rev.,﻿P. Maher,,,,,,,,1838,,﻿,﻿,﻿Philadelphia,Philadelphia
﻿phi.pa.9009,﻿church,[Unnamed Institution],English,,,,,,﻿Erie,,﻿PA,,,,,,,﻿ber_mccabe_901,﻿Rev.,﻿Bernard McCabe,,,,,,,,1838,,﻿,﻿,﻿Philadelphia,Philadelphia
﻿pit.pa.0046,﻿church,﻿St. Mary's,English,,,,,﻿Armstrong County,﻿Freeport,﻿Freeport,﻿PA,﻿PA,40.674083,-79.683317,,,﻿[visited] once a month [by] Rev. Joseph Cody,﻿jos_cody_901,﻿Rev.,﻿Joseph Cody,,,,,,,,1838,,﻿,﻿,﻿Philadelphia,Philadelphia
﻿scr.pa.0088,﻿church,﻿St. Francis,English,,,,,﻿Susquehanna County,﻿Friendvsville,﻿Friendvsville,﻿PA,﻿PA,41.918145,-76.047961,,,﻿[visited] once a month [by] Rev. H. Fitzsimmons,﻿hen_fitzsimmons_901,﻿Rev.,﻿H. Fitzsimmons,,,,,,,,1838,,﻿,﻿,﻿Philadelphia,Philadelphia
﻿har.pa.0029,﻿church,﻿St. Francis Xavier,English,,,,,﻿Adams County,﻿Gettysburg,﻿Gettysburg,﻿PA,﻿PA,39.828762,-77.231978,,,﻿[visited] once a month [by] Rev. Michael Doughtery,﻿mic_dougherty_901,﻿Rev.,﻿Michael Dougherty,,,﻿from Conewago,,,,,1838,,﻿,﻿,﻿Philadelphia,Philadelphia
﻿phi.pa.0048,﻿church,﻿Most Holy Sacrament,English,,,,,﻿Berks County,﻿Goshenhoppen,﻿Bally,﻿PA,﻿PA,40.397764,-75.581185,,,,﻿aug_bally_001,﻿Rev.,﻿Augustin Balli,﻿S. J.,,,,,,,1838,,﻿,﻿,﻿Philadelphia,Philadelphia
﻿pit.pa.0050,﻿church,﻿St. John Baptist,English,,﻿Harman's Bottom,,,﻿Somerset County,,﻿New Baltimore,﻿PA,﻿PA,39.98369,-78.775494,,,,,,,,,﻿Vacant,,,,,1838,,﻿,﻿,﻿Philadelphia,Philadelphia
﻿har.pa.0001,﻿church,﻿St. Patrick's,English,,,,,﻿Dauphin County,﻿Harrisburg,﻿Harrisburg,﻿PA,﻿PA,40.263609,-76.886575,,,,﻿pat_maher_901,﻿Rev.,﻿P. Maher,,,,,,,,1838,,﻿,﻿,﻿Philadelphia,Philadelphia
﻿phi.pa.9002,﻿church,﻿St. Dennis,English,,,,,,﻿Hartford Township,,﻿PA,,41.779885,-75.707393,,,﻿[visited every] second and fourth Sunday [by] Rev. Edward Sourin,﻿edw_j_sourin_001,﻿Rev.,﻿Edward Sourin,,,,,,,,1838,,﻿,﻿,﻿Philadelphia,Philadelphia
﻿pit.pa.0051,﻿church,﻿St. Joseph's,English,,,,,﻿Cambria County,﻿Hart's Sleeping Place,﻿Patton,﻿PA,﻿PA,40.633337,-78.70815,,,﻿[visited] once a month [by] Rev. P. Lemke,﻿pet_lemke_901,﻿Rev.,﻿P. Lemke,,,,,,,,1838,,﻿,﻿,﻿Philadelphia,Philadelphia
﻿phi.pa.0055,﻿church,﻿St. John Baptist,English,,,,,﻿Bucks County,﻿Haycock,﻿Ottsville,﻿PA,﻿PA,40.499641,-75.205026,,,﻿[visited] twice a month [by] Rev. J. Moloney,﻿j_moloney_901,﻿Rev.,﻿J. Moloney,,,,,,,,1838,,﻿,﻿,﻿Philadelphia,Philadelphia
﻿pit.pa.0054,﻿church,﻿Holy Trinity,English,,,,,﻿Huntingdon County,﻿Huntingdon,﻿Huntingdon,﻿PA,﻿PA,40.486077,-78.013017,,,﻿[visited] occasionally [by] Rev. James Bradley,﻿jam_bradley_001,﻿Rev.,﻿James Bradley,,,,,,,,1838,,﻿,﻿,﻿Philadelphia,Philadelphia
﻿pit.pa.0058,﻿church,﻿St. John Gualbertus,English,,,,,,﻿Johnstown,,﻿PA,,40.32526,-78.9153,,,﻿[visited] monthly [by] Rev. Peter Lemke,﻿pet_lemke_901,﻿Rev.,﻿Peter Lemke,,,,,,,,1838,,﻿,﻿,﻿Philadelphia,Philadelphia
﻿har.pa.0005,﻿church,﻿St. Mary's,English,,,,,﻿Lebanon County,﻿Lebanon,﻿Lebanon,﻿PA,﻿PA,40.339628,-76.424267,,,﻿[visited] monthly [by] Rev. Nicholas Steinbacher,﻿nic_steinbacher_901,﻿Rev.,﻿Nicholas Steinbacher,﻿S. J.,,﻿dwelling at Reading,,,,,1838,,﻿,﻿,﻿Philadelphia,Philadelphia
﻿har.pa.0008,﻿church,﻿St. Mary's,English,,,,,﻿Lancaster County,﻿Lancaster,﻿Lancaster,﻿PA,﻿PA,40.035961,-76.306952,,,,﻿ber_keenan_001,﻿Rev.,﻿Bernard Keenan,,,,,,,,1838,,﻿,﻿,﻿Philadelphia,Philadelphia
﻿har.pa.0039,﻿church,﻿All Saints,English,,,,,﻿Mifflin County,﻿Lewistown,﻿Lewistown,﻿PA,﻿PA,40.60023,-77.573135,,,﻿[visited] once a month [by] Rev. Otho Borgess,﻿oth_borgess_901,﻿Rev.,﻿Otho Borgess,,,,,,,,1838,,﻿,﻿,﻿Philadelphia,Philadelphia
﻿har.pa.0025,﻿church,﻿St. Aloysius,English,,,,,﻿Adams County,﻿Littlestown,﻿Littlestown,﻿PA,﻿PA,39.743424,-77.088094,,,﻿[visited] monthly [by] Rev. Michael Dougherty,﻿mic_dougherty_901,﻿Rev.,﻿Michael Dougherty,﻿S. J.,,,,,,,1838,,﻿,﻿,﻿Philadelphia,Philadelphia
﻿har.pa.0017,﻿church,﻿St. Patrick's,English,,,,,﻿York County,﻿Little York,﻿York,﻿PA,﻿PA,39.958321,-76.727611,,,﻿[visited] twice a month [by] Rev. Patrick Dwen,﻿pat_j_dwen_901,﻿Rev.,﻿Patrick Dwen,,,,,,,,1838,,﻿,﻿,﻿Philadelphia,Philadelphia
﻿pit.pa.9002,﻿church,﻿St. Michel's,English,,,,,﻿Cambria County,﻿Loretto,﻿Loretto,﻿PA,﻿PA,40.502492,-78.63034,,,,﻿dem_a_gallitzin_901,﻿Rev.,﻿Demetrius A. Gallitzin,,,,,,,,1838,,﻿,﻿,﻿Philadelphia,Philadelphia
﻿phi.pa.0036,﻿church,﻿St. John Baptist,English,,,,,﻿Philadelphia County,﻿Manayunk,﻿Philadelphia,﻿PA,﻿PA,40.024886,-75.220061,,,,﻿dav_mulholland_901,﻿Rev.,﻿David Mulholland,,,,,,,,1838,,﻿,﻿,﻿Philadelphia,Philadelphia
﻿cle.oh.0100,﻿church,[Unnamed Institution],English,,,,,,﻿Massillon,﻿Massillon,﻿PA,﻿OH,40.802379,-81.52292,,,﻿[visited] once a month [by] Rev. Nicholas Steinbacher,﻿nic_steinbacher_901,﻿Rev.,﻿Nicholas Steinbacher,﻿S. J.,,,,,,,1838,,﻿,﻿,﻿Philadelphia,Philadelphia
﻿erie.pa.0048,﻿church,﻿French Settlement,English,,,,,,﻿Meadville,,﻿PA,,,,,,﻿visited once in two months,,,,,,,,,,,1838,﻿https://www.epiphanymeadville.org/history,﻿,﻿,﻿Philadelphia,Philadelphia
﻿har.pa.0058,﻿church,﻿St. Joseph's,English,,,,,﻿Northumberland County,﻿Milton,﻿Milton,﻿PA,﻿PA,41.020613,-76.851294,,,,﻿edw_mcginnis_901,﻿Rev.,﻿Edward Magennis,,,,,,,,1838,,﻿,﻿,﻿Philadelphia,Philadelphia
﻿har.pa.0030,﻿church,﻿St. Ignatius,English,,,,,﻿Adams County,﻿Mountain Church,﻿Mountain,﻿PA,﻿PA,39.852242,-77.286488,,,﻿[visited every] fourth Sunday [by] Rev. M. Dougherty,﻿mic_dougherty_901,﻿Rev.,﻿M. Dougherty,,,,,,,,1838,,﻿,﻿,﻿Philadelphia,Philadelphia
﻿pit.pa.0078,﻿church,﻿St Patrick's,English,,,,,﻿Blair County,﻿Newry,﻿Newry,﻿PA,﻿PA,40.392622,-78.432967,,,﻿[visited] twice a month [by] Rev. J. Bradley,﻿jam_bradley_001,﻿Rev.,﻿J. Bradley,,,,,,,,1838,,﻿,﻿,﻿Philadelphia,Philadelphia
﻿erie.pa.0131,﻿church,﻿St. Stephen of Hung,English,,﻿Oil Creek,,,,,﻿Oil City,﻿PA,,41.428333,-79.707222,,,﻿[visited] once a month [by] Rev. William Loughran,﻿wil_loughran_901,﻿Rev.,﻿William Loughran,,,,,,,,1838,,﻿,﻿,﻿Philadelphia,Philadelphia
﻿har.pa.0021,﻿church,[Unnamed Institution],English,﻿a private chapel,,,,﻿York County,﻿Paradise,﻿Paradise,﻿PA,﻿PA,40.009823,-76.128565,,,,﻿joh_w_beschter_901,﻿Rev.,﻿J. W. Beschter,﻿S. J.,,,,,,,1838,,﻿,﻿,﻿Philadelphia,Philadelphia
﻿har.pa.0034,﻿church,[Unnamed Institution],English,,,,,﻿Franklin County,﻿Path Valley,﻿Willow Hill,﻿PA,﻿PA,40.213537,-77.706378,,,﻿[visited] once a month [by] Rev. P. Rafferty,﻿p_rafferty_901,﻿Rev.,﻿P. Rafferty,,,﻿dwelling at Chambersburg,,,,,1838,,﻿,﻿,﻿Philadelphia,Philadelphia
﻿pit.pa.0001,﻿church,﻿St. Paul's,English,,,,,﻿Allegheny County,﻿Pittsburg,﻿Pittsburg,﻿PA,﻿PA,40.447834,-79.949973,,,,﻿tho_heyden_001,﻿Rev.,﻿Thomas Heyden,,,,,,,,1838,,﻿,﻿,﻿Philadelphia,Philadelphia
﻿pit.pa.0001,﻿church,﻿St. Paul's,English,,,,,﻿Allegheny County,﻿Pittsburg,﻿Pittsburg,﻿PA,,40.447834,-79.949973,,,,﻿wil_whelan_901,﻿Rev.,﻿Wiliam Whelan,,,,,,,,1838,,﻿,﻿,﻿Philadelphia,Philadelphia
﻿pit.pa.0002,﻿church,﻿St. Patrick's,English,,,,,﻿Allegheny County,﻿Pittsburg,﻿Pittsburg,﻿PA,﻿PA,40.449545,-79.985124,,,,﻿ben_bayer_901,﻿Rev.,﻿Benjamin Bayer,,,,,,,,1838,,﻿,﻿,﻿Philadelphia,Philadelphia
﻿phi.pa.0119,﻿church,[Unnamed Institution],English,﻿church not dedicated,,,,﻿Schuylkill County,﻿Pottsville,﻿Pottsville,﻿PA,﻿PA,40.683085,-76.197206,,,﻿[visited] three Sundays in the month [by] Rev. A. Wainwright,﻿a_wainwright_901,﻿Rev.,﻿A. Wainwright,,,,,,,,1838,,﻿,﻿,﻿Philadelphia,Philadelphia
﻿phi.pa.0043,﻿church,﻿St. Peter's,English,,,,,﻿Berks County,﻿Reading,﻿Reading,﻿PA,﻿PA,40.330048,-75.928594,,,﻿[visited] twice a month [by] Rev. Nicholas Steinbacher,﻿nic_steinbacher_901,﻿Rev.,﻿Nicholas Steinbacher,,,,,,,,1838,,﻿,﻿,﻿Philadelphia,Philadelphia
﻿pit.pa.9008,﻿church,﻿St. Nich. Tol.,English,,,,,,﻿Red-bank,﻿Redbank Township,﻿PA,,41.4083,-79.2675,,,﻿[visited] once a month [by] Rev. H. Herzog,﻿hen_herzog_901,﻿Rev.,﻿H. Herzog,,,﻿dwelling at Shippenville,,,,,1838,,﻿,﻿,﻿Philadelphia,Philadelphia
﻿erie.pa.0112,﻿church,﻿St. Michael's,English,,,,,,﻿Shippenville,,﻿PA,,,,,,﻿[visited] once a month [by] Rev. H. Herzog,﻿hen_herzog_901,﻿Rev.,﻿H. Herzog,,,,,,,,1838,,﻿,﻿,﻿Philadelphia,Philadelphia
﻿scr.pa.0081,﻿church,﻿St. Augustin's,English,,,,,﻿Susquehanna County,﻿Silver Lake,﻿Brackney,﻿PA,﻿PA,41.96504,-75.953881,,,﻿[visited] once a month [by] Rev. H. Fitzsimmons,﻿hen_fitzsimmons_901,﻿Rev.,﻿H. Fitzsimmons,,,,,,,,1838,,﻿,﻿,﻿Philadelphia,Philadelphia
﻿phi.pa.0129,﻿church,﻿St. Jerome's,English,,,,,,﻿Tamaqua,,﻿PA,,40.797311,-75.969371,,,﻿[visited] monthly [by] Rev. J. Moloney,﻿j_moloney_901,﻿Rev.,﻿J. Moloney,,,,,,,,1838,,﻿,﻿,﻿Philadelphia,Philadelphia
﻿har.pa.0033,﻿church,﻿St. Andrew,English,,,,﻿Franklin County,,﻿Waynesburg,,﻿PA,,39.896389,-80.186389,,,﻿[visited] monthly [by] Rev. P. Rafferty,﻿p_rafferty_901,﻿Rev.,﻿P. Rafferty,,,,,,,,1838,,﻿,﻿,﻿Philadelphia,Philadelphia
﻿pit.pa.0101,﻿church,[Unnamed Institution],English,﻿church not dedicated,,,﻿Green County,﻿Greene County,﻿Waynesburg,﻿Waynesburg,﻿PA,﻿PA,39.896235,-80.183643,,,,,,,,,,,,,,1838,,﻿,﻿,﻿Philadelphia,Philadelphia
﻿phi.pa.0070,﻿church,﻿Christ Church,English,,,,,﻿Chester County,﻿Westchester,﻿West Chester,﻿PA,﻿PA,39.959285,-75.608724,,,﻿[visited every] third Sunday [by] Rev. Edward Sourin,﻿edw_j_sourin_001,﻿Rev.,﻿Edward Sourin,,,﻿Dw. at Philadelphia,,,,,1838,,﻿,﻿,﻿Philadelphia,Philadelphia
﻿erie.pa.0080,﻿church,[Unnamed Institution],English,,,,﻿Warren County,,,,﻿PA,,,,,,﻿occasionally,,,,,,,,,,,1838,﻿https://www.stjosephwarrenpa.org/sjhistor.html,﻿,﻿,﻿Philadelphia,Philadelphia
﻿pit.pa.0106,﻿church,﻿St. Vincent of Paul,English,,,,,,﻿Youngstown,,﻿PA,,40.280833,-79.365556,,,﻿[visited] twice a month [by] J. A. Stillinger,﻿jam_a_stillinger_001,﻿Rev.,﻿J. A. Stillinger,,,,,,,,1838,,﻿,﻿,﻿Philadelphia,Philadelphia
﻿wil.de.0001,﻿church,﻿St. Peter's,English,,,,,﻿New Castle County,﻿Wilmington,﻿Wilmington,﻿DE,﻿DE,39.744655,-75.548391,,,,﻿pat_kenny_901,﻿Rev.,﻿Patrick Kenny,,,,,,,,1838,,﻿,﻿,﻿Philadelphia,Philadelphia
﻿wil.de.0001,﻿church,﻿St. Peter's,English,,,,,﻿New Castle County,﻿Wilmington,﻿Wilmington,﻿DE,,39.744655,-75.548391,,,,﻿pat_reilly_901,﻿Rev.,﻿Patrick Reilly,,,,,,,,1838,,﻿,﻿,﻿Philadelphia,Philadelphia
﻿wil.de.0006,﻿church,﻿St. Mary's,English,,,,,﻿New Castle County,﻿Coffee Run,﻿Hockessin,﻿DE,﻿DE,39.769081,-75.661697,,,﻿[visited] twice a month [by] Rev. P. Kenny,﻿pat_kenny_901,﻿Rev.,﻿P. Kenny,,,,,,,,1838,,﻿,﻿,﻿Philadelphia,Philadelphia
﻿wil.de.0007,﻿church,﻿St. Peter's,English,,,,,﻿New Castle County,﻿New Castle,﻿New Castle,﻿DE,﻿DE,39.662515,-75.564684,,,﻿[visited] once a month [by] Rev. P. Reilly,﻿pat_reilly_901,﻿Rev.,﻿P. Reilly,,,,,,,,1838,,﻿,﻿,﻿Philadelphia,Philadelphia
﻿new.nj.9000,﻿church,﻿Blessed Virgin of the Assumption,English,,,,,﻿Atlantic County,﻿Pleasant Mills,﻿Mullica Township,﻿NJ,﻿NJ,39.63816,-74.646569,,,﻿[visited] first Sunday [by] Rev. Edward Sourin,﻿edw_j_sourin_001,﻿Rev.,﻿Edward Sourin,,,,,,,,1838,,﻿,﻿,﻿Philadelphia,Philadelphia
﻿new.nj.0102,﻿church,﻿St. John Baptist,English,,,,,﻿Mercer County,﻿Trenton,﻿Trenton,﻿NJ,﻿NJ,40.199086,-74.758201,,,,﻿dan_magorien_001,﻿Rev.,﻿Daniel Magorien,,,,,,,,1838,,﻿,﻿,﻿Philadelphia,Philadelphia
﻿phi.pa.0144_02,﻿seminary,﻿Theological Seminary,English,,,,,,﻿Philadelphia,,﻿PA,,39.95701433,-75.16916932,,,,﻿pet_r_kenrick_901,﻿Very Rev.,﻿P. R. Kenrick,,﻿Superiour,,﻿student,﻿12 students,,,1838,,﻿,﻿,﻿Philadelphia,Philadelphia
﻿phi.pa.0144_02,﻿seminary,﻿Theological Seminary,English,,,,,,﻿Philadelphia,,﻿PA,,39.95701433,-75.16916932,,,,﻿cha_j_carter_001,﻿Rev.,﻿Charles J. Carter,,﻿Procurator,,﻿student,﻿12 students,,,1838,,﻿,﻿,﻿Philadelphia,Philadelphia
﻿wil.de.0001_91,﻿boarding academy,﻿St. Peter's Boarding Academy for Young Ladies,English,,﻿Quaker Hill,,,,﻿Wilmington,,﻿DE,,39.744655,-75.548391,,,,,,,,,,﻿teacher,﻿varies from twenty to thirty,﻿Sisters of Charity,,1838,,﻿,﻿,﻿Philadelphia,Philadelphia
﻿wil.de.0001_91,﻿boarding academy,﻿St. Peter's Boarding Academy for Young Ladies,English,,﻿Quaker Hill,,,,﻿Wilmington,,﻿DE,,39.744655,-75.548391,,,,,,,,,,﻿religious,﻿4 sisters,﻿Sisters of Charity,,1838,,﻿,﻿,﻿Philadelphia,Philadelphia
﻿wil.de.0001_02,﻿day school,﻿St. Peter's Day School,English,,,,,,﻿Wilmington,,﻿DE,,39.744655,-75.548391,,,,,,,,,,﻿religious,﻿4 sisters,﻿Sisters of Charity,,1838,,﻿,﻿,﻿Philadelphia,Philadelphia
﻿phi.pa.0255,﻿asylum,﻿St. Joseph's Female Orphan Asylum,English,,,,,,﻿Philadelphia,,﻿PA,,39.94542,-75.153649,,,,,,,,,,﻿child,﻿60 orphans,﻿Sisters of Charity,,1838,,﻿,﻿,﻿Philadelphia,Philadelphia
﻿phi.pa.0004_92,﻿asylum,﻿St. John's Male Orphan Asylum,English,,,,,,﻿Philadelphia,,﻿PA,,39.95127,-75.161381,,,,,,,,,,﻿child,﻿45 boys,﻿Sisters of Charity,,1838,,﻿,﻿,﻿Philadelphia,Philadelphia
﻿phi.pa.0004_93,﻿day school,﻿St. John's Day School,English,,,,,,﻿Philadelphia,,﻿PA,,39.95127,-75.161381,,,,,,,,,,﻿child,﻿45 boys,﻿Sisters of Charity,,1838,,﻿,﻿,﻿Philadelphia,Philadelphia
﻿phi.pa.0005_92,﻿school,﻿St. Mary's Day School,English,,,,,,﻿Philadelphia,,﻿PA,,39.945643,-75.148563,,,,,,,,,,﻿child,﻿180 children,﻿Sisters of Charity,,1838,,﻿,﻿,﻿Philadelphia,Philadelphia
﻿phi.pa.9007,﻿school,[Unnamed Institution],English,,,,,,﻿Pittsburg,,﻿PA,,40.439722,-79.976389,,,,,,,,,,﻿religious,﻿4 sisters,﻿Sisters of Charity,,1838,,﻿,﻿,﻿Philadelphia,Philadelphia
﻿har.pa.9000,﻿school,﻿St. John's Baptist,English,,﻿M'Sherrystown,,,,﻿Conew.,﻿Conewago,﻿PA,,39.804167,-77.019167,,,,,,,,,,﻿religious,﻿2 sisters,﻿Sisters of Charity,,1838,,﻿,﻿,﻿Philadelphia,Philadelphia
﻿phi.pa.9006,﻿school,[Unnamed Institution],English,,,,,,﻿Pottsville,,﻿PA,,,,,,,,,,,,,﻿religious,﻿2 sisters,﻿Sisters of Charity,,1838,,﻿,﻿,﻿Philadelphia,Philadelphia
﻿phi.pa.0010_02,﻿school,﻿St. Michael's Free School,English,,,,,,﻿Philadelphia,,﻿PA,,39.973891,-75.13849,,,,,,,,,,,,,,1838,,﻿,﻿,﻿Philadelphia,Philadelphia
