instID,church_type,instName,language,instNote,placeName,region,county_orig,county_reg,city_orig,city_reg,state_orig,state_reg,latitude,longitude,attendingInstID,attendingChurch,attendingChurchFrequency,persID,persTitle,persName,persSuffix,persRole,persNote,memberType,member,affiliated,order,year,attendingPersID,attendingChurchNote,diocese,diocese_reg
﻿kc.ks.0001,﻿church,﻿Church of the Immaculate Conception,English,,,,,﻿Leavenworth County,﻿Leavenworth City,﻿Leavenworth,﻿KS,﻿KS,39.32473,-94.917011,,,,﻿j_b_miege_001,﻿Rt. Rev.,﻿J. B. Miege,"﻿S.J., D.D.",,,,,,,1867,﻿,﻿,﻿VAEastRockyMountains,VAKansas
﻿kc.ks.0001,﻿church,﻿Church of the Immaculate Conception,English,,,,,﻿Leavenworth County,﻿Leavenworth City,﻿Leavenworth,﻿KS,,39.32473,-94.917011,,,,﻿joh_i_coghlan_001,﻿Rev.,﻿John I. Coghlan,﻿S.J.,,,,,,,1867,﻿,﻿,﻿VAEastRockyMountains,VAKansas
﻿kc.ks.0001,﻿church,﻿Church of the Immaculate Conception,English,,,,,﻿Leavenworth County,﻿Leavenworth City,﻿Leavenworth,﻿KS,,39.32473,-94.917011,,,,﻿alo_laigneil_001,﻿Rev.,﻿Aloysius Laigneil,﻿S.J.,,,,,,,1867,﻿,﻿,﻿VAEastRockyMountains,VAKansas
﻿kc.ks.0002,﻿church,﻿St. Joseph's Church,﻿German,,,,,﻿Leavenworth County,﻿Leavenworth City,﻿Leavenworth,﻿KS,﻿KS,39.320568,-94.921584,,,,﻿alb_heimann_001,﻿Rev.,﻿Albertus Heinman,﻿O. Car. Calc.,,,,,﻿Carmelites,,1867,﻿,﻿,﻿VAEastRockyMountains,VAKansas
﻿kc.ks.0005,﻿church,﻿SS. Peter and Paul,English,,,,﻿Atchison County,﻿Atchison County,﻿Atchison,﻿Atchison,﻿KS,,39.572285,-95.114936,,,,﻿aug_wirth_002,﻿Very Rev.,﻿Augustine Wirth,﻿O.S.B.,﻿Prior,,,,,,1867,﻿,﻿,﻿VAEastRockyMountains,VAKansas
﻿kc.ks.0005,﻿church,﻿SS. Peter and Paul,English,,,,﻿Atchison County,﻿Atchison County,﻿Atchison,﻿Atchison,﻿KS,,39.572285,-95.114936,,,,﻿pir_m_koumly_001,﻿Rev.,﻿Pirmin Koumly,﻿O.S.B.,,,,,,,1867,﻿,﻿,﻿VAEastRockyMountains,VAKansas
﻿kc.ks.0006,﻿church,[Unnamed Institution],English,,,,,﻿Atchison County,﻿Monrovia,﻿Monrovia,﻿KS,,39.524165,-95.346085,﻿kc.ks.0005,﻿Attended from Atchison,,,,,,,,,,,,1867,﻿,﻿,﻿VAEastRockyMountains,VAKansas
﻿kc.ks.0007,﻿church,[Unnamed Institution],English,,,,﻿Atchison County,﻿Atchison County,﻿Mooney Creek,﻿Mooney Creek,﻿KS,,39.400688,-95.218841,﻿kc.ks.0005,﻿Attended from Atchison,,,,,,,,,,,,1867,﻿,﻿,﻿VAEastRockyMountains,VAKansas
﻿kc.ks.0017,﻿church,[Unnamed Institution],English,,,,,﻿Doniphan County,﻿Belmont,﻿Belmont,﻿KS,,39.77873,-94.954331,﻿kc.ks.0005,﻿Attended from Atchison,,,,,,,,,,,,1867,﻿,﻿,﻿VAEastRockyMountains,VAKansas
﻿kc.ks.0018,﻿church,[Unnamed Institution],English,,,,,﻿Doniphan County,﻿Wathena,﻿Wathena,﻿KS,,39.759161,-94.949691,﻿kc.ks.0005,﻿Attended from Atchison,,,,,,,,,,,,1867,﻿,﻿,﻿VAEastRockyMountains,VAKansas
﻿kc.ks.0019,﻿church,[Unnamed Institution],English,,,,,﻿Doniphan County,﻿Wolf River,﻿Wolf River Township,﻿KS,,39.801216,-95.247552,﻿kc.ks.0005,﻿Attended from Atchison,,,,,,,,,,,,1867,﻿,﻿,﻿VAEastRockyMountains,VAKansas
﻿kc.ks.0022,﻿church,[Unnamed Institution],English,,,,﻿Doniphan County,﻿Doniphan County,﻿Iowa Point,﻿Iowa Point,﻿KS,,39.928333,-95.238333,﻿kc.ks.0005,﻿Attended from Atchison,,,,,,,,,,,,1867,﻿,﻿,﻿VAEastRockyMountains,VAKansas
﻿kc.ks.0097,﻿church,[Unnamed Institution],English,,,,﻿Jackson County,﻿Jackson County,﻿Holton,﻿Holton,﻿KS,,39.469722,-95.736389,﻿kc.ks.0005,﻿Attended from Atchison,,,,,,,,,,,,1867,﻿,﻿,﻿VAEastRockyMountains,VAKansas
﻿kc.ks.0106,﻿church,[Unnamed Institution],English,,,,﻿Marshall County,﻿Marshall County,﻿Marysville,﻿Marysville,﻿KS,,39.843056,-96.638611,﻿kc.ks.0005,﻿Attended from Atchison,,,,,,,,,,,,1867,﻿,﻿,﻿VAEastRockyMountains,VAKansas
﻿kc.ks.0107,﻿church,﻿St. Patrick's,English,,,,﻿Marshall County,,,,﻿KS,,,,﻿kc.ks.0005,﻿Attended from Atchison,,,,,,,,,,,,1867,﻿,﻿,﻿VAEastRockyMountains,VAKansas
﻿kc.ks.0091,﻿church,﻿St. Peter's,English,,,,﻿Douglas County,﻿Douglas County,﻿Big Springs,﻿Big Springs,﻿KS,,39.013056,-95.485,﻿kc.ks.0071,﻿Attended from Topeka,,,,,,,,,,,,1867,﻿,﻿,﻿VAEastRockyMountains,VAKansas
﻿kc.ks.0047,﻿church,﻿St. Columbkille,English,,,,﻿Johnson County,﻿Johnson County,﻿Bull Creek,﻿Edgerton,﻿KS,,38.76473,-95.008022,﻿kc.ks.0046,﻿Attended from Paola,,,,,,,,,,,,1867,﻿,﻿,﻿VAEastRockyMountains,VAKansas
﻿kc.ks.0092,﻿church,[Unnamed Institution],English,,,,﻿Coffey County,﻿Coffey County,﻿Burlington,﻿Burlington,﻿KS,,38.197616,-95.737152,﻿kc.ks.0103,﻿Attended from St. Boniface's,,,,,,,,,,,,1867,﻿,﻿,﻿VAEastRockyMountains,VAKansas
﻿kc.ks.0036,﻿church,[Unnamed Institution],English,,,,﻿Dickinson County,﻿Dickinson County,﻿Chapman's Creek,﻿Chapman,﻿KS,,38.972221,-97.022514,﻿kc.ks.0050,﻿Attended from St. Mary's Mission,,,,,,,,,,,,1867,﻿,﻿,﻿VAEastRockyMountains,VAKansas
﻿kc.ks.0014,﻿church,﻿St. John's,English,"﻿church burned, new stone church building",,,﻿Doniphan County,﻿Doniphan County,﻿Doniphan,﻿Doniphan,﻿KS,,39.641667,-95.080556,﻿kc.ks.0005,﻿Attended from Atchison,,,,,,,,,,,,1867,﻿,﻿,﻿VAEastRockyMountains,VAKansas
﻿kc.ks.0023,﻿church,﻿Holy Family,English,,,,﻿Douglas County,﻿Douglas County,﻿Eudora,﻿Eudora,﻿KS,,38.944469,-95.094202,,,,﻿alo_mayer_001,﻿Rev.,﻿Aloysius Mayer,,,,,,,,1867,﻿,﻿,﻿VAEastRockyMountains,VAKansas
﻿kc.ks.0003,﻿church,[Unnamed Institution],English,,,,,﻿Leavenworth County,﻿Fort Leavenworth,﻿Leavenworth,﻿KS,,39.310352,-94.927937,﻿kc.ks.0001,﻿Attended from Leavenworth City,,,,,,,,,,,,1867,﻿,﻿,﻿VAEastRockyMountains,VAKansas
﻿kc.ks.0037,﻿church,[Unnamed Institution],English,,,,﻿Riley County,﻿Riley County,﻿Fort Riley,﻿Fort Riley,﻿KS,,39.088346,-96.813939,﻿kc.ks.0050,﻿Attended from St. Mary's Mission,,,,,,,,,,,,1867,﻿,﻿,﻿VAEastRockyMountains,VAKansas
﻿kc.ks.0026,﻿church,﻿Church of Mary Queen of Angels,English,,,,﻿Bourbon County,﻿Bourbon County,﻿Fort Scott,﻿Fort Scott,﻿KS,,37.834295,-94.710948,,,,﻿joh_cunningham_002,﻿Rev.,﻿J. F. Cunningham,,,,,,,,1867,﻿,﻿,﻿VAEastRockyMountains,VAKansas
﻿kc.ks.0027,﻿church,[Unnamed Institution],English,,,,﻿Bourbon County,﻿Bourbon County,﻿Fort Lincoln,﻿Fulton,﻿KS,,37.819324,-94.714475,﻿kc.ks.0026,﻿Attended from Fort Scott,,,,,,,,,,,,1867,﻿,﻿,﻿VAEastRockyMountains,VAKansas
﻿kc.ks.0096,﻿church,﻿St. John the Baptist's,English,,,,﻿Jefferson County,﻿Jefferson County,﻿Grasshopper Falls,﻿Valley Falls,﻿KS,,39.343056,-95.460556,﻿kc.ks.0071,﻿Attended from Topeka,,,,,,,,,,,,1867,﻿,﻿,﻿VAEastRockyMountains,VAKansas
﻿kc.ks.0033,﻿church,[Unnamed Institution],English,﻿brick church,,,﻿Allen County,﻿Allen County,﻿Humboldt,﻿Humboldt,﻿KS,,37.810596,-95.436926,﻿kc.ks.0039,﻿Attended from Osage Mission,,,,,,,,,,,,1867,﻿,﻿,﻿VAEastRockyMountains,VAKansas
﻿kc.ks.0098,﻿church,[Unnamed Institution],English,,,,﻿Shawnee County,﻿Shawnee County,﻿Indianola,﻿Indianola,﻿KS,,39.103472,-95.701678,﻿kc.ks.0071,﻿Attended from Topeka,,,,,,,,,,,,1867,﻿,﻿,﻿VAEastRockyMountains,VAKansas
﻿kc.ks.0072,﻿church,[Unnamed Institution],English,,,,﻿Jefferson County,﻿Jefferson County,﻿Indian Mill,﻿Thompsonville,﻿KS,,39.103794,-95.433922,﻿kc.ks.0071,﻿Attended from Topeka,,,,,,,,,,,,1867,﻿,﻿,﻿VAEastRockyMountains,VAKansas
﻿kc.ks.0035,﻿church,[Unnamed Institution],English,,,,﻿Riley County,﻿Geary County,﻿Junction City,﻿Junction City,﻿KS,,39.028609,-96.831398,﻿kc.ks.0050,﻿Attended from St. Mary's Mission,,,,,,,,,,,,1867,﻿,﻿,﻿VAEastRockyMountains,VAKansas
﻿kc.ks.0038,﻿church,﻿St. John the Evangelist's,English,,,,﻿Douglas County,﻿Douglas County,﻿Lawrence,﻿Lawrence,﻿KS,,38.960601,-95.237802,,,,﻿seb_favre_001,﻿Rev.,﻿Sebastian Favre,,,,,,,,1867,﻿,﻿,﻿VAEastRockyMountains,VAKansas
﻿kc.ks.0038,﻿church,﻿St. John the Evangelist's,English,,,,﻿Douglas County,﻿Douglas County,﻿Lawrence,﻿Lawrence,﻿KS,,38.960601,-95.237802,,,,﻿j_perrier_001,﻿Rev.,﻿J. Perrier,,,,,,,,1867,﻿,﻿,﻿VAEastRockyMountains,VAKansas
﻿kc.ks.0099,﻿church,[Unnamed Institution],English,,,,﻿Coffey County,﻿Coffey County,﻿Le Roy,﻿Leroy,﻿KS,,38.086389,-95.633056,﻿kc.ks.0039,﻿Attended from Osage Mission,,,,,,,,,,,,1867,﻿,﻿,﻿VAEastRockyMountains,VAKansas
﻿kc.ks.0100,﻿church,[Unnamed Institution],English,,,,﻿Miami County,﻿Miami County,﻿Middle Creek,﻿Middle Creek Township,﻿KS,,38.570624,-94.708788,﻿kc.ks.0038,﻿Attended from Lawrence,,,,,,,,,,,,1867,﻿,﻿,﻿VAEastRockyMountains,VAKansas
﻿kc.ks.0051,﻿church,﻿Church of the Seven Dolors,English,,﻿Potowotomie Reserve,,,﻿Linn County,﻿Mission Creek,﻿Sugar Creek Mission,﻿KS,,38.935552,-96.046743,﻿kc.ks.0050,﻿Attended from St. Mary's Mission,,,,,,,,,,,,1867,﻿,﻿,﻿VAEastRockyMountains,VAKansas
﻿kc.ks.0052,﻿church,[Unnamed Institution],English,,,,﻿Riley County,﻿Riley County,﻿Ogden,﻿Ogden,﻿KS,,39.111109,-96.706117,﻿kc.ks.0050,﻿Attended from St. Mary's Mission,,,,,,,,,,,,1867,﻿,﻿,﻿VAEastRockyMountains,VAKansas
﻿kc.ks.0064,﻿church,[Unnamed Institution],English,,,,﻿Johnson County,﻿Johnson County,﻿Olathe,﻿Olathe,﻿KS,,38.881396,-94.819128,﻿kc.ks.0046,﻿Attended from Paola,,,,,,,,,,,,1867,﻿,﻿,﻿VAEastRockyMountains,VAKansas
﻿kc.ks.0039,﻿church,﻿St. Francis de Hieronymo,﻿Indian,,﻿Osage Mission,,﻿Neosho County,﻿Neosho County,,﻿St. Paul,﻿KS,,37.516577,-95.163506,,,﻿The Indian villages are visited monthly,﻿joh_schoenmakers_001,﻿Rev.,﻿John Schoenmakers,﻿S.J.,﻿Superior,,,,,,1867,﻿,﻿,﻿VAEastRockyMountains,VAKansas
﻿kc.ks.0039,﻿church,﻿St. Francis de Hieronymo,﻿Indian,,﻿Osage Mission,,﻿Neosho County,﻿Neosho County,,﻿St. Paul,﻿KS,,37.516577,-95.163506,,,,﻿p_m_ponziglione_001,﻿Rev.,﻿P. M. Ponziglione,﻿S.J.,,,,,,,1867,﻿,﻿,﻿VAEastRockyMountains,VAKansas
﻿kc.ks.0039,﻿church,﻿St. Francis de Hieronymo,﻿Indian,,﻿Osage Mission,,﻿Neosho County,﻿Neosho County,,﻿St. Paul,﻿KS,,37.516577,-95.163506,,,,﻿joh_setters_003,﻿Rev.,﻿John Setters,﻿S.J.,,,,,,,1867,﻿,﻿,﻿VAEastRockyMountains,VAKansas
﻿kc.ks.0073,﻿church,﻿St. Mary Magdalen,English,,,,﻿Jefferson County,﻿Jefferson County,﻿Osaukee,﻿Ozawkie,﻿KS,,39.233332,-95.466919,﻿kc.ks.0071,﻿Attended from Topeka,,,,,,,,,,,,1867,﻿,﻿,﻿VAEastRockyMountains,VAKansas
﻿kc.ks.0048,﻿church,[Unnamed Institution],English,,,,﻿Miami County,﻿Miami County,﻿Osawatomie City,﻿Osawatomie,﻿KS,,38.497237,-94.950521,﻿kc.ks.0046,﻿Attended from Paola,,,,,,,,,,,,1867,﻿,﻿,﻿VAEastRockyMountains,VAKansas
﻿kc.ks.0034,﻿church,[Unnamed Institution],English,,,,﻿Allen County,﻿Allen County,﻿Owl Creek,﻿Humboldt,﻿KS,,37.810596,-95.436926,﻿kc.ks.0039,﻿Attended from Osage Mission,,,,,,,,,,,,1867,﻿,﻿,﻿VAEastRockyMountains,VAKansas
﻿kc.ks.0046,﻿church,﻿Trinity,English,,,,﻿Miami County,﻿Miami County,﻿Paola,﻿Paola,﻿KS,,38.663839,-94.850374,,,,﻿t_j_wattron_001,﻿Rev.,﻿F. J. Wattron,,,,,,,,1867,﻿,﻿,﻿VAEastRockyMountains,VAKansas
﻿kc.ks.0050,﻿church,﻿St. Mary's,English,,﻿Potowotomie Mission,,﻿Potowotomie County,﻿Pottawatomie and Wabaunsee Counties,﻿KS,﻿St. Marys,﻿KS,,39.194164,-96.071104,,,,﻿joh_f_diels_001,﻿Rev.,﻿J. F. Diels,﻿S.J.,﻿Superior,,,,,,1867,﻿,﻿,﻿VAEastRockyMountains,VAKansas
﻿kc.ks.0050,﻿church,﻿St. Mary's,English,,﻿Potowotomie Mission,,﻿Potowotomie County,﻿Pottawatomie and Wabaunsee Counties,﻿KS,﻿St. Marys,﻿KS,,39.194164,-96.071104,,,,﻿m_gailand_001,﻿Rev.,﻿M. Gailland,﻿S.J.,,,,,,,1867,﻿,﻿,﻿VAEastRockyMountains,VAKansas
﻿kc.ks.0050,﻿church,﻿St. Mary's,English,,﻿Potowotomie Mission,,﻿Potowotomie County,﻿Pottawatomie and Wabaunsee Counties,﻿KS,﻿St. Marys,﻿KS,,39.194164,-96.071104,,,,﻿aug_du-mortier_001,﻿Rev.,﻿Aug. Du Mortier,﻿S.J.,,,,,,,1867,﻿,﻿,﻿VAEastRockyMountains,VAKansas
﻿kc.ks.0050,﻿church,﻿St. Mary's,English,,﻿Potowotomie Mission,,﻿Potowotomie County,﻿Pottawatomie and Wabaunsee Counties,﻿KS,﻿St. Marys,﻿KS,,39.194164,-96.071104,,,,﻿phi_colleton_001,﻿Rev.,﻿Phillip Colleton,﻿S.J.,,,,,,,1867,﻿,﻿,﻿VAEastRockyMountains,VAKansas
﻿kc.ks.0055,﻿church,﻿Church of the Annunciation,English,,,,﻿Douglas County,﻿Douglas County,﻿Prairie City,﻿Baldwin City,﻿KS,,38.790365,-95.184652,﻿kc.ks.0038,﻿Attended from Lawrence,,,,,,,,,,,,1867,﻿,﻿,﻿VAEastRockyMountains,VAKansas
﻿kc.ks.0053,﻿church,[Unnamed Institution],English,,,,﻿Potawatamie County,﻿Potawatamie County,﻿Rock Creek,﻿Rock Creek Township,﻿KS,,39.453712,-96.429036,﻿kc.ks.0050,﻿Attended from St. Mary's Mission,,,,,,,,,,,,1867,﻿,﻿,﻿VAEastRockyMountains,VAKansas
﻿kc.ks.0103,﻿church,﻿St. Boniface's,﻿German,,,,﻿Anderson County,﻿Anderson County,﻿Scipio,﻿Putnam Township,﻿KS,,38.363941,-95.212617,,,,﻿ang_kemper_001,﻿Rev.,﻿Angelus Kemper,﻿O.C.I.,,,,,,,1867,﻿,﻿,﻿VAEastRockyMountains,VAKansas
﻿kc.ks.0010,﻿church,﻿St. Mary's,English,,,,﻿Nemaha County,﻿Nemaha County,﻿Seneca,﻿Seneca,﻿KS,,39.834165,-96.064168,,,,﻿joh_fogarty_001,﻿Rev.,﻿John Fogarty,,,,,,,,1867,﻿,﻿,﻿VAEastRockyMountains,VAKansas
﻿kc.ks.0012,﻿church,﻿St. Augustine's,English,﻿frame church,,,﻿Nemaha County,﻿Nemaha County,,﻿Capioma Township,,,39.773171,-95.835384,,,,﻿joh_fogarty_001,﻿Rev.,﻿John Fogarty,,,,,,,,1867,﻿,﻿,﻿VAEastRockyMountains,VAKansas
﻿kc.ks.0015,﻿church,﻿St. Benedict's,English,﻿fine stone church,,,﻿Doniphan County,﻿Doniphan County,﻿St. Benedict's Settlement,﻿Bendenna,﻿KS,,39.741226,-95.179528,﻿kc.ks.0005,﻿Attended from Atchison,,,,,,,,,,,,1867,﻿,﻿,﻿VAEastRockyMountains,VAKansas
﻿kc.ks.0058,﻿church,﻿St. Bridget's,English,,﻿Ashpoint P.O.,,﻿Marshall County,﻿Marshall County,﻿St. Bridget's Settlement,﻿Axtell,﻿KS,,39.871666,-96.258898,,,,﻿wil_fitzgerald_001,﻿Rev.,﻿William Fitzgerald,,,,,,,,1867,﻿,﻿,﻿VAEastRockyMountains,VAKansas
﻿kc.ks.0058,﻿church,﻿St. Bridget's,English,,﻿Ashpoint P.O.,,﻿Marshall County,﻿Marshall County,﻿St. Bridget's Settlement,﻿Axtell,﻿KS,,39.871666,-96.258898,,,,﻿joh_fogarty_001,﻿Rev.,﻿John Fogarty,,,,,,,,1867,﻿,﻿,﻿VAEastRockyMountains,VAKansas
﻿kc.ks.0109,﻿church,[Unnamed Institution],English,,,,﻿Leavenworth County,,﻿St. Joseph's Settlement,,﻿KS,,,,﻿kc.ks.0001,﻿Attended from Leavenworth,,,,,,,,,,,,1867,﻿,﻿,﻿VAEastRockyMountains,VAKansas
﻿kc.ks.0102,﻿church,﻿St. Patrick's,English,,,,﻿Anderson County,,,﻿Emerald,﻿KS,,38.385626,-95.454762,﻿kc.ks.0103,﻿Attended from St. Boniface's,,,,,,,,,,,,1867,﻿,﻿,﻿VAEastRockyMountains,VAKansas
﻿kc.ks.0009,﻿church,﻿St. Patrick's,English,﻿fine stone church building,,,﻿Atchison County,,,﻿Atchison,﻿KS,,39.563052,-95.121636,﻿kc.ks.0005,﻿Attended from Atchison,,,,,,,,,,,,1867,﻿,﻿,﻿VAEastRockyMountains,VAKansas
﻿kc.ks.0016,﻿church,﻿St. Thomas',English,﻿frame church,,,﻿Doniphan County,,,﻿Union Township,﻿KS,,39.824563,-95.184922,﻿kc.ks.0005,﻿Attended from Atchison,,,,,,,,,,,,1867,﻿,﻿,﻿VAEastRockyMountains,VAKansas
﻿kc.ks.0054,﻿church,[Unnamed Institution],English,,,,,,﻿Settlement on the Republican,,﻿KS,,39.146109,-96.346109,,,,﻿wil_fitzgerald_001,﻿Rev.,﻿William Fitzgerald,,,,,,,,1867,﻿,﻿,﻿VAEastRockyMountains,VAKansas
﻿kc.ks.0045,﻿church,[Unnamed Institution],English,,,,,﻿Montgomery County,﻿Settlement on the Verdigris,﻿Coffeyville,﻿KS,,37.037301,-95.616366,﻿kc.ks.0039,﻿Attended from the Osage Mission,,,,,,,,,,,,1867,﻿,﻿,﻿VAEastRockyMountains,VAKansas
﻿kc.ks.0063,﻿church,[Unnamed Institution],English,,,,﻿Johnson County,﻿Johnson County,﻿Shawnee Town,﻿Shawnee,﻿KS,,39.022848,-94.715186,﻿kc.ks.0079,﻿Attended from Wyandott,,,,,,,,,,,,1867,﻿,﻿,﻿VAEastRockyMountains,VAKansas
﻿kc.ks.0108,﻿church,﻿St. Joseph's,English,,,,,﻿Shawnee County,﻿Shungamon Creek,﻿Topeka,﻿KS,,39.034722,-95.695556,﻿kc.ks.0050,﻿Attended from St. Mary's Mission,,,,,,,,,,,,1867,﻿,﻿,﻿VAEastRockyMountains,VAKansas
﻿kc.ks.0031,﻿church,[Unnamed Institution],English,,,,,﻿Leavenworth County,﻿Settlement on the Stranger,﻿Stranger,﻿KS,,39.172224,-94.994966,﻿kc.ks.0001,﻿Attended from Leavenworth,,,,,,,,,,,,1867,﻿,﻿,﻿VAEastRockyMountains,VAKansas
﻿kc.ks.0075,﻿church,[Unnamed Institution],English,,,,﻿Shawnee County,﻿Shawnee County,﻿Tecumseh,﻿Tecumseh,﻿KS,,39.04426,-95.582173,﻿kc.ks.0071,﻿Attended from Topeka,,,,,,,,,,,,1867,﻿,﻿,﻿VAEastRockyMountains,VAKansas
﻿kc.ks.0071,﻿church,﻿Church of the Assumption,English,,,,﻿Shawnee County,﻿Shawnee County,﻿Topeka,﻿Topeka,﻿KS,,39.047345,-95.675158,,,,﻿jam_h_defouri_001,﻿Rev.,﻿James H. Defouri,,,,,,,,1867,﻿,﻿,﻿VAEastRockyMountains,VAKansas
﻿kc.ks.0071,﻿church,﻿Church of the Assumption,English,,,,﻿Shawnee County,﻿Shawnee County,﻿Topeka,﻿Topeka,﻿KS,,39.047345,-95.675158,,,,﻿eug_bononcini_001,﻿Rev.,﻿-- Bononcini,,,,,,,,1867,﻿,﻿,﻿VAEastRockyMountains,VAKansas
﻿kc.ks.0076,﻿church,﻿St. Henry's,English,,,,﻿Douglas County,﻿Douglas County,﻿Twin Mounds,﻿Twin Mounds,﻿KS,,38.860278,-95.481667,﻿kc.ks.0071,﻿Attended from Topeka,,,,,,,,,,,,1867,﻿,﻿,﻿VAEastRockyMountains,VAKansas
﻿kc.ks.0054,﻿church,[Unnamed Institution],English,,,,﻿Chase County,﻿Chase County,﻿Wabaunsee,﻿Wabaunsee,﻿KS,,39.146109,-96.346109,﻿kc.ks.0050,﻿Attended from St. Mary's Mission,,,,,,,,,,,,1867,﻿,﻿,﻿VAEastRockyMountains,VAKansas
﻿kc.ks.0049,﻿church,[Unnamed Institution],English,,,,﻿Miami County,﻿Miami County,﻿Wea Creek,﻿Paola,﻿KS,,39.05587,-95.77884,﻿kc.ks.0046,﻿Attended from Paola,,,,,,,,,,,,1867,﻿,﻿,﻿VAEastRockyMountains,VAKansas
﻿kc.ks.0079,﻿church,﻿Church of the Mother of God,English,,,,﻿Wyandott County,﻿Wyandotte County,﻿Wyandott,﻿Kansas City,﻿KS,,39.115531,-94.626787,,,,﻿a_kuhls_001,﻿Rev.,﻿A. Kuhls,,,,,,,,1867,﻿,﻿,﻿VAEastRockyMountains,VAKansas
﻿kc.ks.0077,﻿church,[Unnamed Institution],English,,,,﻿Osage County,﻿Osage County,﻿110,﻿Fairfax,﻿KS,,38.626549,-95.523985,﻿kc.ks.0071,﻿Attended from Topeka,,,,,,,,,,,,1867,﻿,﻿,﻿VAEastRockyMountains,VAKansas
﻿kc.ks.0104,﻿priory,﻿Benedictine Priory,English,,,,,,﻿Atchison City,﻿Atchison,﻿KS,,39.575059,-95.111117,,,,﻿aug_wirth_002,﻿Very Rev.,﻿A. Wirth,﻿O.S.B.,﻿Prior,,﻿religious,﻿7 novices,,,1867,﻿,﻿,﻿VAEastRockyMountains,VAKansas
﻿kc.ks.0104,﻿priory,﻿Benedictine Priory,English,,,,,,﻿Atchison City,﻿Atchison,﻿KS,,39.575059,-95.111117,,,,﻿tho_m_bartl_001,﻿Rev.,﻿Thomas Bartl,﻿O.S.B.,,,﻿religious,﻿4 lay brothers,,,1867,﻿,﻿,﻿VAEastRockyMountains,VAKansas
﻿kc.ks.0104,﻿priory,﻿Benedictine Priory,English,,,,,,﻿Atchison City,﻿Atchison,﻿KS,,39.575059,-95.111117,,,,﻿tim_m_luber_001,﻿Rev.,﻿Timothy Luber,﻿O.S.B.,,,﻿religious,﻿4 lay brothers,,,1867,﻿,﻿,﻿VAEastRockyMountains,VAKansas
﻿kc.ks.0104,﻿priory,﻿Benedictine Priory,English,,,,,,﻿Atchison City,﻿Atchison,﻿KS,,39.575059,-95.111117,,,,﻿pir_m_koumly_001,﻿Rev.,﻿Pirmin Koumly,﻿O.S.B.,,,﻿religious,﻿4 lay brothers,,,1867,﻿,﻿,﻿VAEastRockyMountains,VAKansas
﻿kc.ks.0050_04,﻿priory,﻿Residence of the Society of Jesus,English,,﻿St. Mary's Mission,,,﻿Pottawatomie and Wabaunsee Counties,﻿KS,﻿St. Marys,﻿KS,,39.194164,-96.071104,,,,﻿joh_f_diels_001,﻿Rev.,﻿J. F. Diels,﻿S.J.,﻿Superior,,,,,,1867,﻿,﻿,﻿VAEastRockyMountains,VAKansas
﻿kc.ks.0039_04,﻿priory,﻿Residence of the Society of Jesus,English,,﻿St. Francis de Hieronymo,,,﻿Neosho County,,﻿St. Paul,﻿KS,,37.516577,-95.163506,,,,﻿joh_schoenmakers_001,﻿Rev.,﻿John Schoenmakers,﻿S.J.,﻿Superior,,,,,,1867,﻿,﻿,﻿VAEastRockyMountains,VAKansas
﻿kc.ks.0080,﻿college,﻿St. Benedict's College,English,,,,,,﻿Atchison City,﻿Atchison,﻿KS,,39.5739,-95.1147,,,,﻿aug_wirth_002,﻿Very Rev.,﻿A. Wirth,﻿O.S.B.,﻿President,,,,﻿under charge of the Fathers of Order of St. Benedict,,1867,﻿,﻿,﻿VAEastRockyMountains,VAKansas
﻿kc.ks.0082,﻿academy,﻿Academy for Young Ladies,English,,,,,,﻿Leavenworth City,﻿Leavenworth,﻿KS,,39.278317,-94.906389,,,,﻿xavier_ross_kc.ks_001,﻿Mother,﻿Xavier Ross,,﻿Superior,,﻿boarder,﻿60 boarders,,,1867,﻿,﻿,﻿VAEastRockyMountains,VAKansas
﻿kc.ks.0082,﻿academy,﻿Academy for Young Ladies,English,,,,,,﻿Leavenworth City,﻿Leavenworth,﻿KS,,39.278317,-94.906389,,,,,,,,,,﻿religious,﻿29 professed sisters,,,1867,﻿,﻿,﻿VAEastRockyMountains,VAKansas
﻿kc.ks.0082,﻿academy,﻿Academy for Young Ladies,English,,,,,,﻿Leavenworth City,﻿Leavenworth,﻿KS,,39.278317,-94.906389,,,,,,,,,,﻿religious,﻿3 novices,,,1867,﻿,﻿,﻿VAEastRockyMountains,VAKansas
﻿kc.ks.0082,﻿academy,﻿Academy for Young Ladies,English,,,,,,﻿Leavenworth City,﻿Leavenworth,﻿KS,,39.278317,-94.906389,,,,,,,,,,﻿religious,﻿6 postulants,﻿Conducted by the Sisters of Charity,,1867,﻿,﻿,﻿VAEastRockyMountains,VAKansas
﻿kc.ks.0083,﻿day school,[Unnamed Institution],English,,,,,,,,,,,,,,,,,,,,,﻿student,﻿268 pupils,﻿Conducted by the Sisters of Charity,,1867,﻿,﻿,﻿VAEastRockyMountains,VAKansas
﻿kc.ks.0084,﻿hospital,[Unnamed Institution],English,,,,,,,,,,39.28243,-94.905952,,,,,,,,,,,,﻿Conducted by the Sisters of Charity,,1867,﻿,﻿,﻿VAEastRockyMountains,VAKansas
﻿kc.ks.0085,﻿asylum,[Unnamed Institution],English,,,,,,,,,,,,,,,,,,,,,,,﻿Conducted by the Sisters of Charity,,1867,﻿,﻿,﻿VAEastRockyMountains,VAKansas
﻿kc.ks.0105,﻿academy,﻿Academy for Young Ladies,English,,,,,,﻿Lawrence,﻿Lawrence,﻿KS,,38.959722,-95.264167,,,,﻿m-vincent_kearney_kc.ks_001,﻿Sister-Servant,﻿Mary Vincent Kearney,,,,﻿religious,﻿4 professed sisters,﻿Conducted by the Sisters of Charity,,1867,﻿,﻿,﻿VAEastRockyMountains,VAKansas
﻿kc.ks.0105,﻿academy,﻿Academy for Young Ladies,English,,,,,,﻿Lawrence,﻿Lawrence,﻿KS,,38.959722,-95.264167,,,,,,,,,,﻿student,﻿75 pupils,﻿Conducted by the Sisters of Charity,,1867,﻿,﻿,﻿VAEastRockyMountains,VAKansas
﻿kc.ks.0050_03,﻿convent,﻿Convent of the Ladies of the Sacred Heart,English,,﻿St. Mary's Mission,,,﻿Pottawatomie and Wabaunsee Counties,﻿KS,﻿St. Marys,﻿KS,,39.194164,-96.071104,,,,﻿lucille_mathevon_kc.ks_001,,﻿Lucille Mathevon,,﻿Superior,,,,,,1867,﻿,﻿,﻿VAEastRockyMountains,VAKansas
﻿kc.ks.0039_02,﻿convent,﻿Convent of the Sisters of Loretto,English,,﻿St. Francis de Hieronymo,,,﻿Neosho County,,﻿St. Paul,﻿KS,,37.516577,-95.163506,,,,﻿mary_kc.ks_001,﻿Mother,﻿Mary,,﻿Superior,,,,,,1867,﻿,﻿,﻿VAEastRockyMountains,VAKansas
﻿kc.ks.0090,"﻿convent, academy",﻿St. Scholastica's Convent and Academy,English,,,,,,﻿Atchison,﻿Atchison,﻿KS,,39.574971,-95.111152,,,,﻿m-evangelista_kremmeter_kc.ks_001,﻿Mother,﻿Mary Evangelista Kremmeter,﻿O.S.B.,﻿Prioress,,﻿religious,﻿10 sisters,﻿Under the Sisters of the Order of St. Benedict,,1867,﻿,﻿,﻿VAEastRockyMountains,VAKansas
﻿kc.ks.0090,"﻿convent, academy",﻿St. Scholastica's Convent and Academy,English,,,,,,﻿Atchison,﻿Atchison,﻿KS,,39.574971,-95.111152,,,,﻿ehrentrude_walter_kc.ks_001,﻿Sister,﻿Ehrentrude Walter,﻿O.S.B.,﻿Directress of the Academy,,﻿religious,﻿3 novices,﻿Under the Sisters of the Order of St. Benedict,,1867,﻿,﻿,﻿VAEastRockyMountains,VAKansas
﻿kc.ks.0090,"﻿convent, academy",﻿St. Scholastica's Convent and Academy,English,,,,,,﻿Atchison,﻿Atchison,﻿KS,,39.574971,-95.111152,,,,,,,,,,﻿boarder,﻿20 pupils boarding,﻿Under the Sisters of the Order of St. Benedict,,1867,﻿,﻿,﻿VAEastRockyMountains,VAKansas
﻿kc.ks.0090,"﻿convent, academy",﻿St. Scholastica's Convent and Academy,English,,,,,,﻿Atchison,﻿Atchison,﻿KS,,39.574971,-95.111152,,,,,,,,,,﻿student,﻿65 day-scholars,﻿Under the Sisters of the Order of St. Benedict,,1867,﻿,﻿,﻿VAEastRockyMountains,VAKansas
﻿kc.ks.0050_02,﻿school,﻿Potowotomie Indian Manual Labor School,English,﻿The male department is under the charge of the Fathers of the Society of Jesus. The female department is conducted by the Ladies of the Sacred Heart,﻿St. Mary's Mission,,,﻿Pottawatomie and Wabaunsee Counties,﻿KS,﻿St. Marys,﻿KS,,39.194164,-96.071104,,,,,,,,,,﻿religious,﻿8 lay brothers,﻿under the charge of the Fathers of the Society of Jesus and the Ladies of the Sacred Heart,,1867,﻿,﻿,﻿VAEastRockyMountains,VAKansas
﻿kc.ks.0050_02,﻿school,﻿Potowotomie Indian Manual Labor School,English,﻿The male department is under the charge of the Fathers of the Society of Jesus. The female department is conducted by the Ladies of the Sacred Heart,﻿St. Mary's Mission,,,﻿Pottawatomie and Wabaunsee Counties,﻿KS,﻿St. Marys,﻿KS,,39.194164,-96.071104,,,,,,,,,,﻿student,﻿125 Indian boys,﻿under the charge of the Fathers of the Society of Jesus and the Ladies of the Sacred Heart,,1867,﻿,﻿,﻿VAEastRockyMountains,VAKansas
﻿kc.ks.0050_02,﻿school,﻿Potowotomie Indian Manual Labor School,English,﻿The male department is under the charge of the Fathers of the Society of Jesus. The female department is conducted by the Ladies of the Sacred Heart,﻿St. Mary's Mission,,,﻿Pottawatomie and Wabaunsee Counties,﻿KS,﻿St. Marys,﻿KS,,39.194164,-96.071104,,,,,,,,,,﻿student,﻿100 Indian girls,﻿under the charge of the Fathers of the Society of Jesus and the Ladies of the Sacred Heart,,1867,﻿,﻿,﻿VAEastRockyMountains,VAKansas
﻿kc.ks.0039_03,﻿school,﻿Osage Indian Manual Labor School,English,﻿The male department is under the charge of the Fathers of the Society of Jesus. The female department is under charge of the Sisters of Loretto,﻿St. Francis de Hieronymo,,,﻿Neosho County,,﻿St. Paul,﻿KS,,37.516577,-95.163506,,,,,,,,,,﻿religious,﻿9 laybrothers,﻿under the charge of the Fathers of the Society of Jesus and the Sisters of Loretto,,1867,﻿,﻿,﻿VAEastRockyMountains,VAKansas
﻿kc.ks.0039_03,﻿school,﻿Osage Indian Manual Labor School,English,﻿The male department is under the charge of the Fathers of the Society of Jesus. The female department is under charge of the Sisters of Loretto,﻿St. Francis de Hieronymo,,,﻿Neosho County,,﻿St. Paul,﻿KS,,37.516577,-95.163506,,,,,,,,,,﻿student,﻿100 Indian boys,﻿under the charge of the Fathers of the Society of Jesus and the Sisters of Loretto,,1867,﻿,﻿,﻿VAEastRockyMountains,VAKansas
﻿kc.ks.0039_03,﻿school,﻿Osage Indian Manual Labor School,English,﻿The male department is under the charge of the Fathers of the Society of Jesus. The female department is under charge of the Sisters of Loretto,﻿St. Francis de Hieronymo,,,﻿Neosho County,,﻿St. Paul,﻿KS,,37.516577,-95.163506,,,,,,,,,,﻿student,﻿75 Indian girls,﻿under the charge of the Fathers of the Society of Jesus and the Sisters of Loretto,,1867,﻿,﻿,﻿VAEastRockyMountains,VAKansas
